36,24,1,$15.35,$23.85,$28.10 
36,24,2,$30.70,$39.20,$43.45 
36,24,3,$46.05,$54.55,$58.80 
36,24,4,$61.40,$69.90,$75.52 
36,24,5,$76.74,$86.72,$94.40 
36,24,6,$92.09,$104.07,$113.28 
36,24,7,$107.44,$121.41,$132.15 
36,24,8,$122.79,$138.75,$151.03 
36,24,9,$138.14,$156.10,$169.91 
36,24,10,$153.49,$173.44,$188.79 
36,24,11,$160.40,$181.25,$197.29 
36,24,12,$174.98,$197.73,$215.22 
36,24,13,$189.56,$214.20,$233.16 
36,24,14,$204.14,$230.68,$251.09 
36,24,15,$218.72,$247.16,$269.03 
36,24,16,$233.30,$263.63,$286.96 
36,24,17,$247.89,$280.11,$304.90 
36,24,18,$262.47,$296.59,$322.84 
36,24,19,$277.05,$313.07,$340.77 
36,24,20,$291.63,$329.54,$358.71 
36,24,21,$306.21,$346.02,$378.11 
36,24,22,$320.79,$362.50,$399.21 
36,24,23,$335.38,$380.85,$420.31 
36,24,24,$349.96,$400.24,$441.41 
36,24,25,$364.54,$419.62,$462.51 
36,24,26,$367.15,$423.09,$466.28 
36,24,27,$383.55,$441.86,$486.72 
36,24,28,$400.16,$460.63,$507.15 
36,24,29,$416.78,$479.41,$527.59 
36,24,30,$433.39,$498.18,$548.02 
36,24,31,$450.00,$516.95,$568.45 
36,24,32,$466.62,$535.73,$588.89 
36,24,33,$483.23,$554.50,$609.32 
36,24,34,$499.84,$573.27,$629.75 
36,24,35,$516.46,$592.04,$650.19 
36,24,36,$533.07,$610.82,$670.62 
36,24,37,$549.68,$629.59,$691.06 
36,24,38,$566.29,$648.36,$711.49 
36,24,39,$582.91,$667.13,$731.92 
36,24,40,$599.52,$685.91,$752.36 
36,24,41,$616.13,$704.68,$772.79 
36,24,42,$632.75,$723.45,$793.23 
36,24,43,$649.36,$742.23,$813.66 
36,24,44,$665.97,$761.00,$834.10 
36,24,45,$682.59,$779.77,$854.53 
36,24,46,$699.20,$798.54,$874.96 
36,24,47,$715.81,$817.32,$895.40 
36,24,48,$732.42,$836.09,$915.83 
36,24,49,$749.04,$854.86,$936.26 
36,24,50,$765.65,$873.63,$956.70 
36,24,51,$763.84,$871.59,$954.48 
36,24,52,$780.10,$889.96,$974.47 
36,24,53,$796.35,$908.32,$994.46 
36,24,54,$812.60,$926.69,$1014.45 
36,24,55,$828.85,$945.05,$1034.44 
36,24,56,$845.10,$963.42,$1054.43 
36,24,57,$861.36,$981.78,$1074.42 
36,24,58,$877.61,$1000.15,$1094.41 
36,24,59,$893.86,$1018.51,$1114.40 
36,24,60,$910.11,$1036.88,$1134.39 
36,24,61,$926.36,$1055.24,$1154.38 
36,24,62,$942.61,$1073.60,$1174.37 
36,24,63,$958.87,$1091.97,$1194.36 
36,24,64,$975.12,$1110.33,$1214.35 
36,24,65,$991.37,$1128.70,$1234.34 
36,24,66,$1007.62,$1147.06,$1254.32 
36,24,67,$1023.87,$1165.43,$1274.31 
36,24,68,$1040.13,$1183.79,$1294.30 
36,24,69,$1056.38,$1202.16,$1314.29 
36,24,70,$1072.63,$1220.52,$1334.28 
36,24,71,$1088.88,$1238.88,$1354.27 
36,24,72,$1105.13,$1257.25,$1374.26 
36,24,73,$1121.38,$1275.61,$1394.25 
36,24,74,$1137.64,$1293.98,$1414.24 
36,24,75,$1153.89,$1312.34,$1434.23 
36,24,76,$1142.69,$1299.69,$1420.46 
36,24,77,$1158.58,$1317.65,$1440.01 
36,24,78,$1174.47,$1335.61,$1459.55 
36,24,79,$1190.36,$1353.56,$1479.10 
36,24,80,$1206.26,$1371.52,$1498.64 
36,24,81,$1222.15,$1389.47,$1518.19 
36,24,82,$1238.04,$1407.43,$1537.73 
36,24,83,$1253.93,$1425.39,$1557.28 
36,24,84,$1269.82,$1443.34,$1576.83 
36,24,85,$1285.71,$1461.30,$1596.37 
36,24,86,$1301.60,$1479.26,$1615.92 
36,24,87,$1317.49,$1497.21,$1635.46 
36,24,88,$1333.38,$1515.17,$1655.01 
36,24,89,$1349.27,$1533.13,$1674.55 
36,24,90,$1365.16,$1551.08,$1694.10 
36,24,91,$1381.05,$1569.04,$1713.64 
36,24,92,$1396.94,$1587.00,$1733.19 
36,24,93,$1412.83,$1604.95,$1752.74 
36,24,94,$1428.72,$1622.91,$1772.28 
36,24,95,$1444.62,$1640.87,$1791.83 
36,24,96,$1460.51,$1658.82,$1811.37 
36,24,97,$1476.40,$1676.78,$1830.92 
36,24,98,$1492.29,$1694.73,$1850.46 
36,24,99,$1508.18,$1712.69,$1870.01 
36,24,100,$1524.07,$1730.65,$1889.56 
48,24,1,$20.47,$28.97,$33.22 
48,24,2,$40.93,$49.43,$53.68 
48,24,3,$61.40,$69.90,$75.52 
48,24,4,$81.86,$92.50,$100.69 
48,24,5,$102.33,$115.63,$125.86 
48,24,6,$122.79,$138.75,$151.03 
48,24,7,$143.26,$161.88,$176.21 
48,24,8,$163.72,$185.01,$201.38 
48,24,9,$184.19,$208.13,$226.55 
48,24,10,$204.65,$231.26,$251.72 
48,24,11,$213.86,$241.66,$263.05 
48,24,12,$233.30,$263.63,$286.96 
48,24,13,$252.75,$285.60,$310.88 
48,24,14,$272.19,$307.57,$334.79 
48,24,15,$291.63,$329.54,$358.71 
48,24,16,$311.07,$351.51,$385.14 
48,24,17,$330.51,$374.39,$413.27 
48,24,18,$349.96,$400.24,$441.41 
48,24,19,$369.59,$426.08,$469.54 
48,24,20,$392.46,$451.93,$497.67 
48,24,21,$415.33,$477.77,$525.81 
48,24,22,$438.20,$503.62,$553.94 
48,24,23,$461.08,$529.47,$582.08 
48,24,24,$483.95,$555.32,$610.21 
48,24,25,$506.82,$581.16,$638.34 
48,24,26,$510.92,$585.79,$643.38 
48,24,27,$533.07,$610.82,$670.62 
48,24,28,$555.22,$635.85,$697.87 
48,24,29,$577.37,$660.88,$725.11 
48,24,30,$599.52,$685.91,$752.36 
48,24,31,$621.67,$710.94,$779.61 
48,24,32,$643.82,$735.97,$806.85 
48,24,33,$665.97,$761.00,$834.10 
48,24,34,$688.12,$786.03,$861.34 
48,24,35,$710.27,$811.06,$888.59 
48,24,36,$732.42,$836.09,$915.83 
48,24,37,$754.57,$861.12,$943.08 
48,24,38,$776.73,$886.15,$970.32 
48,24,39,$798.88,$911.18,$997.57 
48,24,40,$821.03,$936.21,$1024.81 
48,24,41,$843.18,$961.24,$1052.06 
48,24,42,$865.33,$986.27,$1079.30 
48,24,43,$887.48,$1011.30,$1106.55 
48,24,44,$909.63,$1036.33,$1133.79 
48,24,45,$931.78,$1061.36,$1161.04 
48,24,46,$953.93,$1086.39,$1188.28 
48,24,47,$976.08,$1111.42,$1215.53 
48,24,48,$998.23,$1136.45,$1242.78 
48,24,49,$1020.38,$1161.48,$1270.02 
48,24,50,$1042.53,$1186.51,$1297.27 
48,24,51,$1040.13,$1183.79,$1294.30 
48,24,52,$1061.79,$1208.28,$1320.96 
48,24,53,$1083.46,$1232.76,$1347.61 
48,24,54,$1105.13,$1257.25,$1374.26 
48,24,55,$1126.80,$1281.74,$1400.92 
48,24,56,$1148.47,$1306.22,$1427.57 
48,24,57,$1170.14,$1330.71,$1454.22 
48,24,58,$1191.81,$1355.19,$1480.88 
48,24,59,$1213.48,$1379.68,$1507.53 
48,24,60,$1235.15,$1404.17,$1534.18 
48,24,61,$1256.82,$1428.65,$1560.83 
48,24,62,$1278.48,$1453.14,$1587.49 
48,24,63,$1300.15,$1477.63,$1614.14 
48,24,64,$1321.82,$1502.11,$1640.79 
48,24,65,$1343.49,$1526.60,$1667.45 
48,24,66,$1365.16,$1551.08,$1694.10 
48,24,67,$1386.83,$1575.57,$1720.75 
48,24,68,$1408.50,$1600.06,$1747.40 
48,24,69,$1430.17,$1624.54,$1774.06 
48,24,70,$1451.84,$1649.03,$1800.71 
48,24,71,$1473.51,$1673.51,$1827.36 
48,24,72,$1495.18,$1698.00,$1854.02 
48,24,73,$1516.85,$1722.49,$1880.67 
48,24,74,$1538.52,$1746.97,$1907.32 
48,24,75,$1560.18,$1771.46,$1933.98 
48,24,76,$1545.26,$1754.59,$1915.62 
48,24,77,$1566.44,$1778.53,$1941.68 
48,24,78,$1587.63,$1802.47,$1967.74 
48,24,79,$1608.82,$1826.42,$1993.80 
48,24,80,$1630.01,$1850.36,$2019.86 
48,24,81,$1651.19,$1874.30,$2045.92 
48,24,82,$1672.38,$1898.24,$2071.98 
48,24,83,$1693.57,$1922.18,$2098.04 
48,24,84,$1714.76,$1946.13,$2124.10 
48,24,85,$1735.94,$1970.07,$2150.16 
48,24,86,$1757.13,$1994.01,$2176.22 
48,24,87,$1778.32,$2017.95,$2202.28 
48,24,88,$1799.51,$2041.89,$2228.34 
48,24,89,$1820.69,$2065.84,$2254.41 
48,24,90,$1841.88,$2089.78,$2280.47 
48,24,91,$1863.07,$2113.72,$2306.53 
48,24,92,$1884.26,$2137.66,$2332.59 
48,24,93,$1905.44,$2161.60,$2358.65 
48,24,94,$1926.63,$2185.55,$2384.71 
48,24,95,$1947.82,$2209.49,$2410.77 
48,24,96,$1969.01,$2233.43,$2436.83 
48,24,97,$1990.20,$2257.37,$2462.89 
48,24,98,$2011.38,$2281.31,$2488.95 
48,24,99,$2032.57,$2305.26,$2515.01 
48,24,100,$2053.76,$2329.20,$2541.07 
72,24,1,$30.70,$39.20,$43.45 
72,24,2,$61.40,$69.90,$75.52 
72,24,3,$92.09,$104.07,$113.28 
72,24,4,$122.79,$138.75,$151.03 
72,24,5,$153.49,$173.44,$188.79 
72,24,6,$184.19,$208.13,$226.55 
72,24,7,$214.89,$242.82,$264.31 
72,24,8,$245.58,$277.51,$302.07 
72,24,9,$276.28,$312.20,$339.83 
72,24,10,$306.98,$346.89,$379.22 
72,24,11,$320.79,$362.50,$399.21 
72,24,12,$349.96,$400.24,$441.41 
72,24,13,$381.02,$439.01,$483.61 
72,24,14,$415.33,$477.77,$525.81 
72,24,15,$449.64,$516.54,$568.01 
72,24,16,$483.95,$555.32,$610.21 
72,24,17,$518.26,$594.08,$652.41 
72,24,18,$552.57,$632.85,$694.61 
72,24,19,$586.88,$671.62,$736.81 
72,24,20,$621.19,$710.39,$779.01 
72,24,21,$655.50,$749.16,$821.21 
72,24,22,$689.81,$787.93,$863.41 
72,24,23,$724.12,$826.70,$905.61 
72,24,24,$758.43,$865.47,$947.82 
72,24,25,$792.74,$904.24,$990.02 
72,24,26,$798.88,$911.18,$997.57 
72,24,27,$832.10,$948.73,$1038.43 
72,24,28,$865.33,$986.27,$1079.30 
72,24,29,$898.55,$1023.82,$1120.17 
72,24,30,$931.78,$1061.36,$1161.04 
72,24,31,$965.01,$1098.91,$1201.91 
72,24,32,$998.23,$1136.45,$1242.78 
72,24,33,$1031.46,$1174.00,$1283.64 
72,24,34,$1064.68,$1211.54,$1324.51 
72,24,35,$1097.91,$1249.09,$1365.38 
72,24,36,$1131.13,$1286.63,$1406.25 
72,24,37,$1164.36,$1324.18,$1447.12 
72,24,38,$1197.59,$1361.72,$1487.98 
72,24,39,$1230.81,$1399.27,$1528.85 
72,24,40,$1264.04,$1436.81,$1569.72 
72,24,41,$1297.27,$1474.36,$1610.59 
72,24,42,$1330.49,$1511.90,$1651.45 
72,24,43,$1363.72,$1549.45,$1692.32 
72,24,44,$1396.94,$1587.00,$1733.19 
72,24,45,$1430.17,$1624.54,$1774.06 
72,24,46,$1463.39,$1662.09,$1814.93 
72,24,47,$1496.62,$1699.63,$1855.79 
72,24,48,$1529.85,$1737.18,$1896.66 
72,24,49,$1563.07,$1774.72,$1937.53 
72,24,50,$1596.30,$1812.27,$1978.40 
72,24,51,$1592.69,$1808.19,$1973.96 
72,24,52,$1625.19,$1844.92,$2013.93 
72,24,53,$1657.69,$1881.64,$2053.91 
72,24,54,$1690.20,$1918.38,$2093.89 
72,24,55,$1722.70,$1955.10,$2133.87 
72,24,56,$1755.21,$1991.83,$2173.85 
72,24,57,$1787.71,$2028.56,$2213.83 
72,24,58,$1820.21,$2065.29,$2253.81 
72,24,59,$1852.72,$2102.02,$2293.79 
72,24,60,$1885.22,$2138.75,$2333.77 
72,24,61,$1917.72,$2175.48,$2373.75 
72,24,62,$1950.23,$2212.21,$2413.73 
72,24,63,$1982.73,$2248.94,$2453.71 
72,24,64,$2015.24,$2285.67,$2493.69 
72,24,65,$2047.74,$2322.39,$2533.67 
72,24,66,$2080.24,$2359.12,$2573.65 
72,24,67,$2112.75,$2395.85,$2613.63 
72,24,68,$2145.25,$2432.58,$2653.61 
72,24,69,$2177.75,$2469.31,$2693.59 
72,24,70,$2210.26,$2506.04,$2733.57 
72,24,71,$2242.76,$2542.77,$2773.55 
72,24,72,$2275.26,$2579.50,$2813.53 
72,24,73,$2307.77,$2616.23,$2853.51 
72,24,74,$2340.27,$2652.96,$2893.49 
72,24,75,$2372.78,$2689.69,$2933.46 
72,24,76,$2350.39,$2664.39,$2905.92 
72,24,77,$2382.17,$2700.30,$2945.01 
72,24,78,$2413.95,$2736.21,$2984.11 
72,24,79,$2445.73,$2772.12,$3023.20 
72,24,80,$2477.51,$2808.04,$3062.29 
72,24,81,$2509.29,$2843.95,$3101.38 
72,24,82,$2541.07,$2879.86,$3140.47 
72,24,83,$2572.85,$2915.78,$3179.56 
72,24,84,$2604.64,$2951.69,$3218.65 
72,24,85,$2636.42,$2987.60,$3257.74 
72,24,86,$2668.20,$3023.51,$3296.83 
72,24,87,$2699.98,$3059.43,$3335.93 
72,24,88,$2731.76,$3095.34,$3375.02 
72,24,89,$2763.54,$3131.25,$3414.11 
72,24,90,$2795.32,$3167.17,$3453.20 
72,24,91,$2827.11,$3203.08,$3492.29 
72,24,92,$2858.89,$3238.99,$3531.38 
72,24,93,$2890.67,$3274.91,$3570.47 
72,24,94,$2922.45,$3310.82,$3609.56 
72,24,95,$2954.23,$3346.73,$3648.65 
72,24,96,$2986.01,$3382.64,$3687.74 
72,24,97,$3017.79,$3418.56,$3726.84 
72,24,98,$3049.57,$3454.47,$3765.93 
72,24,99,$3081.36,$3490.38,$3805.02 
72,24,100,$3113.14,$3526.30,$3844.11 
96,24,1,$40.93,$49.43,$53.68 
96,24,2,$81.86,$92.50,$100.69 
96,24,3,$122.79,$138.75,$151.03 
96,24,4,$163.72,$185.01,$201.38 
96,24,5,$204.65,$231.26,$251.72 
96,24,6,$245.58,$277.51,$302.07 
96,24,7,$286.51,$323.76,$352.41 
96,24,8,$327.44,$370.31,$408.83 
96,24,9,$368.38,$424.72,$468.06 
96,24,10,$416.54,$479.14,$527.29 
96,24,11,$438.20,$503.62,$553.94 
96,24,12,$483.95,$555.32,$610.21 
96,24,13,$529.70,$607.01,$666.48 
96,24,14,$575.44,$658.70,$722.75 
96,24,15,$621.19,$710.39,$779.01 
96,24,16,$666.93,$762.09,$835.28 
96,24,17,$712.68,$813.78,$891.55 
96,24,18,$758.43,$865.47,$947.82 
96,24,19,$804.17,$917.16,$1004.08 
96,24,20,$849.92,$968.86,$1060.35 
96,24,21,$895.66,$1020.55,$1116.62 
96,24,22,$941.41,$1072.24,$1172.88 
96,24,23,$987.16,$1123.94,$1229.15 
96,24,24,$1032.90,$1175.63,$1285.42 
96,24,25,$1078.65,$1227.32,$1341.69 
96,24,26,$1086.83,$1236.57,$1351.76 
96,24,27,$1131.13,$1286.63,$1406.25 
96,24,28,$1175.44,$1336.69,$1460.74 
96,24,29,$1219.74,$1386.75,$1515.23 
96,24,30,$1264.04,$1436.81,$1569.72 
96,24,31,$1308.34,$1486.88,$1624.21 
96,24,32,$1352.64,$1536.93,$1678.70 
96,24,33,$1396.94,$1587.00,$1733.19 
96,24,34,$1441.24,$1637.06,$1787.68 
96,24,35,$1485.55,$1687.12,$1842.17 
96,24,36,$1529.85,$1737.18,$1896.66 
96,24,37,$1574.15,$1787.24,$1951.15 
96,24,38,$1618.45,$1837.30,$2005.64 
96,24,39,$1662.75,$1887.36,$2060.13 
96,24,40,$1707.05,$1937.42,$2114.63 
96,24,41,$1751.35,$1987.48,$2169.11 
96,24,42,$1795.65,$2037.54,$2223.61 
96,24,43,$1839.96,$2087.60,$2278.10 
96,24,44,$1884.26,$2137.66,$2332.59 
96,24,45,$1928.56,$2187.72,$2387.08 
96,24,46,$1972.86,$2237.78,$2441.57 
96,24,47,$2017.16,$2287.84,$2496.06 
96,24,48,$2061.46,$2337.90,$2550.55 
96,24,49,$2105.76,$2387.96,$2605.04 
96,24,50,$2150.07,$2438.02,$2659.53 
96,24,51,$2145.25,$2432.58,$2653.61 
96,24,52,$2188.59,$2481.55,$2706.91 
96,24,53,$2231.93,$2530.53,$2760.22 
96,24,54,$2275.26,$2579.50,$2813.53 
96,24,55,$2318.60,$2628.47,$2866.83 
96,24,56,$2361.94,$2677.44,$2920.14 
96,24,57,$2405.28,$2726.42,$2973.44 
96,24,58,$2448.62,$2775.39,$3026.75 
96,24,59,$2491.96,$2824.36,$3080.06 
96,24,60,$2535.29,$2873.33,$3133.36 
96,24,61,$2578.63,$2922.30,$3186.67 
96,24,62,$2621.97,$2971.28,$3239.97 
96,24,63,$2665.31,$3020.25,$3293.28 
96,24,64,$2708.65,$3069.22,$3346.59 
96,24,65,$2751.99,$3118.19,$3399.89 
96,24,66,$2795.32,$3167.17,$3453.20 
96,24,67,$2838.66,$3216.14,$3506.50 
96,24,68,$2882.00,$3265.11,$3559.81 
96,24,69,$2925.34,$3314.08,$3613.12 
96,24,70,$2968.68,$3363.05,$3666.42 
96,24,71,$3012.01,$3412.03,$3719.73 
96,24,72,$3055.35,$3461.00,$3773.03 
96,24,73,$3098.69,$3509.97,$3826.34 
96,24,74,$3142.03,$3558.94,$3879.65 
96,24,75,$3185.37,$3607.92,$3932.95 
96,24,76,$3155.51,$3574.18,$3896.23 
96,24,77,$3197.89,$3622.06,$3948.35 
96,24,78,$3240.26,$3669.95,$4000.47 
96,24,79,$3282.64,$3717.83,$4052.60 
96,24,80,$3325.01,$3765.72,$4104.72 
96,24,81,$3367.39,$3813.60,$4156.84 
96,24,82,$3409.76,$3861.48,$4208.96 
96,24,83,$3452.14,$3909.37,$4261.08 
96,24,84,$3494.51,$3957.25,$4313.20 
96,24,85,$3536.89,$4005.14,$4365.32 
96,24,86,$3579.26,$4053.02,$4417.44 
96,24,87,$3621.64,$4100.90,$4469.57 
96,24,88,$3664.01,$4148.79,$4521.69 
96,24,89,$3706.39,$4196.67,$4573.81 
96,24,90,$3748.76,$4244.56,$4625.93 
96,24,91,$3791.14,$4292.44,$4678.05 
96,24,92,$3833.51,$4340.32,$4730.17 
96,24,93,$3875.89,$4388.21,$4782.30 
96,24,94,$3918.27,$4436.09,$4834.42 
96,24,95,$3960.64,$4483.97,$4886.54 
96,24,96,$4003.02,$4531.86,$4938.66 
96,24,97,$4045.39,$4579.74,$4990.78 
96,24,98,$4087.77,$4627.63,$5042.90 
96,24,99,$4130.14,$4675.51,$5095.02 
96,24,100,$4172.52,$4723.39,$5147.15 
60,36,1,$38.37,$46.87,$51.12 
60,36,2,$76.74,$86.72,$94.40 
60,36,3,$115.12,$130.08,$141.59 
60,36,4,$153.49,$173.44,$188.79 
60,36,5,$191.86,$216.80,$235.99 
60,36,6,$230.23,$260.16,$283.19 
60,36,7,$268.61,$303.53,$330.39 
60,36,8,$306.98,$346.89,$379.22 
60,36,9,$345.35,$394.12,$434.74 
60,36,10,$386.44,$445.13,$490.27 
60,36,11,$406.75,$468.08,$515.26 
60,36,12,$449.64,$516.54,$568.01 
60,36,13,$492.53,$565.01,$620.76 
60,36,14,$535.41,$613.47,$673.51 
60,36,15,$578.30,$661.93,$726.26 
60,36,16,$621.19,$710.39,$779.01 
60,36,17,$664.08,$758.86,$831.76 
60,36,18,$706.96,$807.32,$884.51 
60,36,19,$749.85,$855.78,$937.26 
60,36,20,$792.74,$904.24,$990.02 
60,36,21,$835.62,$952.70,$1042.77 
60,36,22,$878.51,$1001.17,$1095.52 
60,36,23,$921.40,$1049.63,$1148.27 
60,36,24,$964.28,$1098.09,$1201.02 
60,36,25,$1007.17,$1146.55,$1253.77 
60,36,26,$1014.84,$1155.22,$1263.21 
60,36,27,$1056.38,$1202.16,$1314.29 
60,36,28,$1097.91,$1249.09,$1365.38 
60,36,29,$1139.44,$1296.02,$1416.46 
60,36,30,$1180.97,$1342.95,$1467.55 
60,36,31,$1222.51,$1389.88,$1518.63 
60,36,32,$1264.04,$1436.81,$1569.72 
60,36,33,$1305.57,$1483.75,$1620.80 
60,36,34,$1347.10,$1530.68,$1671.89 
60,36,35,$1388.64,$1577.61,$1722.97 
60,36,36,$1430.17,$1624.54,$1774.06 
60,36,37,$1471.70,$1671.47,$1825.14 
60,36,38,$1513.23,$1718.40,$1876.23 
60,36,39,$1554.77,$1765.34,$1927.31 
60,36,40,$1596.30,$1812.27,$1978.40 
60,36,41,$1637.83,$1859.20,$2029.48 
60,36,42,$1679.36,$1906.13,$2080.57 
60,36,43,$1720.90,$1953.06,$2131.65 
60,36,44,$1762.43,$1999.99,$2182.74 
60,36,45,$1803.96,$2046.93,$2233.82 
60,36,46,$1845.49,$2093.86,$2284.91 
60,36,47,$1887.03,$2140.79,$2335.99 
60,36,48,$1928.56,$2187.72,$2387.08 
60,36,49,$1970.09,$2234.65,$2438.16 
60,36,50,$2011.62,$2281.59,$2489.25 
60,36,51,$2007.11,$2276.48,$2483.70 
60,36,52,$2047.74,$2322.39,$2533.67 
60,36,53,$2088.37,$2368.31,$2583.64 
60,36,54,$2129.00,$2414.22,$2633.62 
60,36,55,$2169.63,$2460.13,$2683.59 
60,36,56,$2210.26,$2506.04,$2733.57 
60,36,57,$2250.89,$2551.95,$2783.54 
60,36,58,$2291.52,$2597.86,$2833.52 
60,36,59,$2332.15,$2643.78,$2883.49 
60,36,60,$2372.78,$2689.69,$2933.46 
60,36,61,$2413.41,$2735.60,$2983.44 
60,36,62,$2454.03,$2781.51,$3033.41 
60,36,63,$2494.66,$2827.42,$3083.39 
60,36,64,$2535.29,$2873.33,$3133.36 
60,36,65,$2575.92,$2919.24,$3183.34 
60,36,66,$2616.55,$2965.16,$3233.31 
60,36,67,$2657.18,$3011.07,$3283.28 
60,36,68,$2697.81,$3056.98,$3333.26 
60,36,69,$2738.44,$3102.89,$3383.23 
60,36,70,$2779.07,$3148.80,$3433.21 
60,36,71,$2819.70,$3194.71,$3483.18 
60,36,72,$2860.33,$3240.62,$3533.16 
60,36,73,$2900.96,$3286.54,$3583.13 
60,36,74,$2941.59,$3332.45,$3633.11 
60,36,75,$2982.22,$3378.36,$3683.08 
60,36,76,$2954.23,$3346.73,$3648.65 
60,36,77,$2993.96,$3391.62,$3697.52 
60,36,78,$3033.68,$3436.51,$3746.38 
60,36,79,$3073.41,$3481.40,$3795.24 
60,36,80,$3113.14,$3526.30,$3844.11 
60,36,81,$3152.86,$3571.19,$3892.97 
60,36,82,$3192.59,$3616.08,$3941.84 
60,36,83,$3232.32,$3660.97,$3990.70 
60,36,84,$3272.04,$3705.86,$4039.56 
60,36,85,$3311.77,$3750.75,$4088.43 
60,36,86,$3351.50,$3795.64,$4137.29 
60,36,87,$3391.22,$3840.53,$4186.16 
60,36,88,$3430.95,$3885.43,$4235.02 
60,36,89,$3470.68,$3930.32,$4283.88 
60,36,90,$3510.41,$3975.21,$4332.75 
60,36,91,$3550.13,$4020.10,$4381.61 
60,36,92,$3589.86,$4064.99,$4430.48 
60,36,93,$3629.59,$4109.88,$4479.34 
60,36,94,$3669.31,$4154.77,$4528.20 
60,36,95,$3709.04,$4199.66,$4577.07 
60,36,96,$3748.76,$4244.56,$4625.93 
60,36,97,$3788.49,$4289.45,$4674.80 
60,36,98,$3828.22,$4334.34,$4723.66 
60,36,99,$3867.95,$4379.23,$4772.52 
60,36,100,$3907.67,$4424.12,$4821.39 
72,36,1,$46.05,$54.55,$58.80 
72,36,2,$92.09,$104.07,$113.28 
72,36,3,$138.14,$156.10,$169.91 
72,36,4,$184.19,$208.13,$226.55 
72,36,5,$230.23,$260.16,$283.19 
72,36,6,$276.28,$312.20,$339.83 
72,36,7,$322.33,$364.23,$401.43 
72,36,8,$368.38,$424.72,$468.06 
72,36,9,$422.56,$485.94,$534.69 
72,36,10,$476.73,$547.15,$601.33 
72,36,11,$501.11,$574.70,$631.31 
72,36,12,$552.57,$632.85,$694.61 
72,36,13,$604.03,$691.01,$757.91 
72,36,14,$655.50,$749.16,$821.21 
72,36,15,$706.96,$807.32,$884.51 
72,36,16,$758.43,$865.47,$947.82 
72,36,17,$809.89,$923.63,$1011.12 
72,36,18,$861.36,$981.78,$1074.42 
72,36,19,$912.82,$1039.93,$1137.72 
72,36,20,$964.28,$1098.09,$1201.02 
72,36,21,$1015.75,$1156.24,$1264.32 
72,36,22,$1067.21,$1214.40,$1327.62 
72,36,23,$1118.68,$1272.55,$1390.92 
72,36,24,$1170.14,$1330.71,$1454.22 
72,36,25,$1221.60,$1388.86,$1517.52 
72,36,26,$1230.81,$1399.27,$1528.85 
72,36,27,$1280.65,$1455.59,$1590.15 
72,36,28,$1330.49,$1511.90,$1651.45 
72,36,29,$1380.33,$1568.22,$1712.76 
72,36,30,$1430.17,$1624.54,$1774.06 
72,36,31,$1480.01,$1680.86,$1835.36 
72,36,32,$1529.85,$1737.18,$1896.66 
72,36,33,$1579.69,$1793.49,$1957.96 
72,36,34,$1629.53,$1849.81,$2019.27 
72,36,35,$1679.36,$1906.13,$2080.57 
72,36,36,$1729.20,$1962.45,$2141.87 
72,36,37,$1779.04,$2018.77,$2203.17 
72,36,38,$1828.88,$2075.09,$2264.47 
72,36,39,$1878.72,$2131.40,$2325.78 
72,36,40,$1928.56,$2187.72,$2387.08 
72,36,41,$1978.40,$2244.04,$2448.38 
72,36,42,$2028.24,$2300.36,$2509.68 
72,36,43,$2078.08,$2356.68,$2570.98 
72,36,44,$2127.91,$2412.99,$2632.28 
72,36,45,$2177.75,$2469.31,$2693.59 
72,36,46,$2227.59,$2525.63,$2754.89 
72,36,47,$2277.43,$2581.95,$2816.19 
72,36,48,$2327.27,$2638.27,$2877.49 
72,36,49,$2377.11,$2694.58,$2938.80 
72,36,50,$2426.95,$2750.90,$3000.10 
72,36,51,$2421.53,$2744.78,$2993.43 
72,36,52,$2470.29,$2799.87,$3053.40 
72,36,53,$2519.04,$2854.97,$3113.37 
72,36,54,$2567.80,$2910.06,$3173.34 
72,36,55,$2616.55,$2965.16,$3233.31 
72,36,56,$2665.31,$3020.25,$3293.28 
72,36,57,$2714.07,$3075.34,$3353.25 
72,36,58,$2762.82,$3130.44,$3413.22 
72,36,59,$2811.58,$3185.53,$3473.19 
72,36,60,$2860.33,$3240.62,$3533.16 
72,36,61,$2909.09,$3295.72,$3593.13 
72,36,62,$2957.84,$3350.81,$3653.10 
72,36,63,$3006.60,$3405.91,$3713.07 
72,36,64,$3055.35,$3461.00,$3773.03 
72,36,65,$3104.11,$3516.09,$3833.00 
72,36,66,$3152.86,$3571.19,$3892.97 
72,36,67,$3201.62,$3626.28,$3952.94 
72,36,68,$3250.38,$3681.37,$4012.91 
72,36,69,$3299.13,$3736.47,$4072.88 
72,36,70,$3347.89,$3791.56,$4132.85 
72,36,71,$3396.64,$3846.66,$4192.82 
72,36,72,$3445.40,$3901.75,$4252.79 
72,36,73,$3494.15,$3956.84,$4312.76 
72,36,74,$3542.91,$4011.94,$4372.73 
72,36,75,$3591.66,$4067.03,$4432.70 
72,36,76,$3558.08,$4029.08,$4391.39 
72,36,77,$3605.75,$4082.95,$4450.02 
72,36,78,$3653.42,$4136.82,$4508.66 
72,36,79,$3701.09,$4190.69,$4567.29 
72,36,80,$3748.76,$4244.56,$4625.93 
72,36,81,$3796.44,$4298.42,$4684.57 
72,36,82,$3844.11,$4352.29,$4743.20 
72,36,83,$3891.78,$4406.16,$4801.84 
72,36,84,$3939.45,$4460.03,$4860.48 
72,36,85,$3987.13,$4513.90,$4919.11 
72,36,86,$4034.80,$4567.77,$4977.75 
72,36,87,$4082.47,$4621.64,$5036.39 
72,36,88,$4130.14,$4675.51,$5095.02 
72,36,89,$4177.81,$4729.38,$5153.66 
72,36,90,$4225.49,$4783.25,$5212.30 
72,36,91,$4273.16,$4837.12,$5270.93 
72,36,92,$4320.83,$4890.99,$5329.57 
72,36,93,$4368.50,$4944.86,$5388.21 
72,36,94,$4416.17,$4998.73,$5446.84 
72,36,95,$4463.85,$5052.60,$5505.48 
72,36,96,$4511.52,$5106.47,$5564.12 
72,36,97,$4559.19,$5160.34,$5622.75 
72,36,98,$4606.86,$5214.20,$5681.39 
72,36,99,$4654.53,$5268.07,$5740.03 
72,36,100,$4702.21,$5321.94,$5798.66 
96,36,1,$61.40,$69.90,$75.52 
96,36,2,$122.79,$138.75,$151.03 
96,36,3,$184.19,$208.13,$226.55 
96,36,4,$245.58,$277.51,$302.07 
96,36,5,$306.98,$346.89,$379.22 
96,36,6,$368.38,$424.72,$468.06 
96,36,7,$440.61,$506.34,$556.90 
96,36,8,$512.84,$587.96,$645.75 
96,36,9,$585.07,$669.58,$734.59 
96,36,10,$657.30,$751.20,$823.43 
96,36,11,$689.81,$787.93,$863.41 
96,36,12,$758.43,$865.47,$947.82 
96,36,13,$827.04,$943.01,$1032.22 
96,36,14,$895.66,$1020.55,$1116.62 
96,36,15,$964.28,$1098.09,$1201.02 
96,36,16,$1032.90,$1175.63,$1285.42 
96,36,17,$1101.52,$1253.17,$1369.82 
96,36,18,$1170.14,$1330.71,$1454.22 
96,36,19,$1238.76,$1408.25,$1538.62 
96,36,20,$1307.38,$1485.79,$1623.02 
96,36,21,$1376.00,$1563.33,$1707.43 
96,36,22,$1444.62,$1640.87,$1791.83 
96,36,23,$1513.23,$1718.40,$1876.23 
96,36,24,$1581.85,$1795.94,$1960.63 
96,36,25,$1650.47,$1873.48,$2045.03 
96,36,26,$1662.75,$1887.36,$2060.13 
96,36,27,$1729.20,$1962.45,$2141.87 
96,36,28,$1795.65,$2037.54,$2223.61 
96,36,29,$1862.11,$2112.63,$2305.34 
96,36,30,$1928.56,$2187.72,$2387.08 
96,36,31,$1995.01,$2262.81,$2468.81 
96,36,32,$2061.46,$2337.90,$2550.55 
96,36,33,$2127.91,$2412.99,$2632.28 
96,36,34,$2194.37,$2488.09,$2714.02 
96,36,35,$2260.82,$2563.18,$2795.76 
96,36,36,$2327.27,$2638.27,$2877.49 
96,36,37,$2393.72,$2713.36,$2959.23 
96,36,38,$2460.18,$2788.45,$3040.97 
96,36,39,$2526.63,$2863.54,$3122.70 
96,36,40,$2593.08,$2938.63,$3204.44 
96,36,41,$2659.53,$3013.72,$3286.17 
96,36,42,$2725.98,$3088.81,$3367.91 
96,36,43,$2792.43,$3163.90,$3449.64 
96,36,44,$2858.89,$3238.99,$3531.38 
96,36,45,$2925.34,$3314.08,$3613.12 
96,36,46,$2991.79,$3389.17,$3694.85 
96,36,47,$3058.24,$3464.26,$3776.59 
96,36,48,$3124.69,$3539.36,$3858.32 
96,36,49,$3191.15,$3614.45,$3940.06 
96,36,50,$3257.60,$3689.54,$4021.80 
96,36,51,$3250.38,$3681.37,$4012.91 
96,36,52,$3315.38,$3754.83,$4092.87 
96,36,53,$3380.39,$3828.29,$4172.83 
96,36,54,$3445.40,$3901.75,$4252.79 
96,36,55,$3510.41,$3975.21,$4332.75 
96,36,56,$3575.41,$4048.67,$4412.71 
96,36,57,$3640.42,$4122.12,$4492.67 
96,36,58,$3705.43,$4195.58,$4572.63 
96,36,59,$3770.43,$4269.04,$4652.58 
96,36,60,$3835.44,$4342.50,$4732.54 
96,36,61,$3900.45,$4415.96,$4812.50 
96,36,62,$3965.46,$4489.42,$4892.46 
96,36,63,$4030.46,$4562.87,$4972.42 
96,36,64,$4095.47,$4636.33,$5052.38 
96,36,65,$4160.48,$4709.79,$5132.34 
96,36,66,$4225.49,$4783.25,$5212.30 
96,36,67,$4290.49,$4856.71,$5292.26 
96,36,68,$4355.50,$4930.17,$5372.22 
96,36,69,$4420.51,$5003.62,$5452.18 
96,36,70,$4485.52,$5077.08,$5532.13 
96,36,71,$4550.52,$5150.54,$5612.09 
96,36,72,$4615.53,$5224.00,$5692.05 
96,36,73,$4680.54,$5297.46,$5772.01 
96,36,74,$4745.55,$5370.91,$5851.97 
96,36,75,$4810.55,$5444.37,$5931.93 
96,36,76,$4765.77,$5393.77,$5876.85 
96,36,77,$4829.33,$5465.60,$5955.03 
96,36,78,$4892.90,$5537.42,$6033.21 
96,36,79,$4956.46,$5609.25,$6111.39 
96,36,80,$5020.02,$5681.07,$6189.57 
96,36,81,$5083.58,$5752.90,$6267.76 
96,36,82,$5147.15,$5824.73,$6345.94 
96,36,83,$5210.71,$5896.55,$6424.12 
96,36,84,$5274.27,$5968.38,$6502.30 
96,36,85,$5337.83,$6040.20,$6580.49 
96,36,86,$5401.40,$6112.03,$6658.67 
96,36,87,$5464.96,$6183.85,$6736.85 
96,36,88,$5528.52,$6255.68,$6815.03 
96,36,89,$5592.09,$6327.51,$6893.21 
96,36,90,$5655.65,$6399.33,$6971.40 
96,36,91,$5719.21,$6471.16,$7049.58 
96,36,92,$5782.77,$6542.98,$7127.76 
96,36,93,$5846.34,$6614.81,$7205.94 
96,36,94,$5909.90,$6686.64,$7284.13 
96,36,95,$5973.46,$6758.46,$7362.31 
96,36,96,$6037.02,$6830.29,$7440.49 
96,36,97,$6100.59,$6902.11,$7518.67 
96,36,98,$6164.15,$6973.94,$7596.85 
96,36,99,$6227.71,$7045.77,$7675.04 
96,36,100,$6291.27,$7117.59,$7753.22 
120,36,1,$76.74,$86.72,$94.40 
120,36,2,$153.49,$173.44,$188.79 
120,36,3,$230.23,$260.16,$283.19 
120,36,4,$306.98,$346.89,$379.22 
120,36,5,$386.44,$445.13,$490.27 
120,36,6,$476.73,$547.15,$601.33 
120,36,7,$567.02,$649.18,$712.38 
120,36,8,$657.30,$751.20,$823.43 
120,36,9,$747.59,$853.23,$934.49 
120,36,10,$837.88,$955.25,$1045.54 
120,36,11,$878.51,$1001.17,$1095.52 
120,36,12,$964.28,$1098.09,$1201.02 
120,36,13,$1050.06,$1195.01,$1306.52 
120,36,14,$1135.83,$1291.94,$1412.02 
120,36,15,$1221.60,$1388.86,$1517.52 
120,36,16,$1307.38,$1485.79,$1623.02 
120,36,17,$1393.15,$1582.71,$1728.53 
120,36,18,$1478.92,$1679.63,$1834.03 
120,36,19,$1564.70,$1776.56,$1939.53 
120,36,20,$1650.47,$1873.48,$2045.03 
120,36,21,$1736.25,$1970.41,$2150.53 
120,36,22,$1822.02,$2067.33,$2256.03 
120,36,23,$1907.79,$2164.26,$2361.53 
120,36,24,$1993.57,$2261.18,$2467.04 
120,36,25,$2079.34,$2358.10,$2572.54 
120,36,26,$2094.69,$2375.45,$2591.42 
120,36,27,$2177.75,$2469.31,$2693.59 
120,36,28,$2260.82,$2563.18,$2795.76 
120,36,29,$2343.88,$2657.04,$2897.93 
120,36,30,$2426.95,$2750.90,$3000.10 
120,36,31,$2510.01,$2844.77,$3102.27 
120,36,32,$2593.08,$2938.63,$3204.44 
120,36,33,$2676.14,$3032.49,$3306.61 
120,36,34,$2759.21,$3126.36,$3408.78 
120,36,35,$2842.27,$3220.22,$3510.95 
120,36,36,$2925.34,$3314.08,$3613.12 
120,36,37,$3008.40,$3407.95,$3715.29 
120,36,38,$3091.47,$3501.81,$3817.46 
120,36,39,$3174.53,$3595.67,$3919.63 
120,36,40,$3257.60,$3689.54,$4021.80 
120,36,41,$3340.66,$3783.40,$4123.97 
120,36,42,$3423.73,$3877.26,$4226.14 
120,36,43,$3506.79,$3971.13,$4328.31 
120,36,44,$3589.86,$4064.99,$4430.48 
120,36,45,$3672.92,$4158.85,$4532.65 
120,36,46,$3755.99,$4252.72,$4634.81 
120,36,47,$3839.05,$4346.58,$4736.98 
120,36,48,$3922.12,$4440.44,$4839.15 
120,36,49,$4005.18,$4534.31,$4941.32 
120,36,50,$4088.25,$4628.17,$5043.49 
120,36,51,$4079.22,$4617.97,$5032.39 
120,36,52,$4160.48,$4709.79,$5132.34 
120,36,53,$4241.74,$4801.61,$5232.29 
120,36,54,$4323.00,$4893.44,$5332.24 
120,36,55,$4404.26,$4985.26,$5432.19 
120,36,56,$4485.52,$5077.08,$5532.13 
120,36,57,$4566.77,$5168.90,$5632.08 
120,36,58,$4648.03,$5260.73,$5732.03 
120,36,59,$4729.29,$5352.55,$5831.98 
120,36,60,$4810.55,$5444.37,$5931.93 
120,36,61,$4891.81,$5536.20,$6031.88 
120,36,62,$4973.07,$5628.02,$6131.83 
120,36,63,$5054.33,$5719.84,$6231.77 
120,36,64,$5135.59,$5811.66,$6331.72 
120,36,65,$5216.85,$5903.49,$6431.67 
120,36,66,$5298.11,$5995.31,$6531.62 
120,36,67,$5379.37,$6087.13,$6631.57 
120,36,68,$5460.63,$6178.96,$6731.52 
120,36,69,$5541.89,$6270.78,$6831.47 
120,36,70,$5623.14,$6362.60,$6931.42 
120,36,71,$5704.40,$6454.43,$7031.37 
120,36,72,$5785.66,$6546.25,$7131.31 
120,36,73,$5866.92,$6638.07,$7231.26 
120,36,74,$5948.18,$6729.89,$7331.21 
120,36,75,$6029.44,$6821.72,$7431.16 
120,36,76,$5973.46,$6758.46,$7362.31 
120,36,77,$6052.91,$6848.24,$7460.03 
120,36,78,$6132.37,$6938.03,$7557.76 
120,36,79,$6211.82,$7027.81,$7655.49 
120,36,80,$6291.27,$7117.59,$7753.22 
120,36,81,$6370.73,$7207.37,$7850.95 
120,36,82,$6450.18,$7297.16,$7948.67 
120,36,83,$6529.64,$7386.94,$8046.40 
120,36,84,$6609.09,$7476.72,$8144.13 
120,36,85,$6688.54,$7566.50,$8241.86 
120,36,86,$6768.00,$7656.28,$8339.58 
120,36,87,$6847.45,$7746.07,$8437.31 
120,36,88,$6926.90,$7835.85,$8535.04 
120,36,89,$7006.36,$7925.63,$8632.77 
120,36,90,$7085.81,$8015.41,$8730.50 
120,36,91,$7165.26,$8105.20,$8828.22 
120,36,92,$7244.72,$8194.98,$8925.95 
120,36,93,$7324.17,$8284.76,$9023.68 
120,36,94,$7403.62,$8374.54,$9121.41 
120,36,95,$7483.08,$8464.33,$9219.13 
120,36,96,$7562.53,$8554.11,$9316.86 
120,36,97,$7641.98,$8643.89,$9414.59 
120,36,98,$7721.44,$8733.67,$9512.32 
120,36,99,$7800.89,$8823.46,$9610.05 
120,36,100,$7880.34,$8913.24,$9707.77 
72,48,1,$61.40,$69.90,$75.52 
72,48,2,$122.79,$138.75,$151.03 
72,48,3,$184.19,$208.13,$226.55 
72,48,4,$245.58,$277.51,$302.07 
72,48,5,$306.98,$346.89,$379.22 
72,48,6,$368.38,$424.72,$468.06 
72,48,7,$440.61,$506.34,$556.90 
72,48,8,$512.84,$587.96,$645.75 
72,48,9,$585.07,$669.58,$734.59 
72,48,10,$657.30,$751.20,$823.43 
72,48,11,$689.81,$787.93,$863.41 
72,48,12,$758.43,$865.47,$947.82 
72,48,13,$827.04,$943.01,$1032.22 
72,48,14,$895.66,$1020.55,$1116.62 
72,48,15,$964.28,$1098.09,$1201.02 
72,48,16,$1032.90,$1175.63,$1285.42 
72,48,17,$1101.52,$1253.17,$1369.82 
72,48,18,$1170.14,$1330.71,$1454.22 
72,48,19,$1238.76,$1408.25,$1538.62 
72,48,20,$1307.38,$1485.79,$1623.02 
72,48,21,$1376.00,$1563.33,$1707.43 
72,48,22,$1444.62,$1640.87,$1791.83 
72,48,23,$1513.23,$1718.40,$1876.23 
72,48,24,$1581.85,$1795.94,$1960.63 
72,48,25,$1650.47,$1873.48,$2045.03 
72,48,26,$1662.75,$1887.36,$2060.13 
72,48,27,$1729.20,$1962.45,$2141.87 
72,48,28,$1795.65,$2037.54,$2223.61 
72,48,29,$1862.11,$2112.63,$2305.34 
72,48,30,$1928.56,$2187.72,$2387.08 
72,48,31,$1995.01,$2262.81,$2468.81 
72,48,32,$2061.46,$2337.90,$2550.55 
72,48,33,$2127.91,$2412.99,$2632.28 
72,48,34,$2194.37,$2488.09,$2714.02 
72,48,35,$2260.82,$2563.18,$2795.76 
72,48,36,$2327.27,$2638.27,$2877.49 
72,48,37,$2393.72,$2713.36,$2959.23 
72,48,38,$2460.18,$2788.45,$3040.97 
72,48,39,$2526.63,$2863.54,$3122.70 
72,48,40,$2593.08,$2938.63,$3204.44 
72,48,41,$2659.53,$3013.72,$3286.17 
72,48,42,$2725.98,$3088.81,$3367.91 
72,48,43,$2792.43,$3163.90,$3449.64 
72,48,44,$2858.89,$3238.99,$3531.38 
72,48,45,$2925.34,$3314.08,$3613.12 
72,48,46,$2991.79,$3389.17,$3694.85 
72,48,47,$3058.24,$3464.26,$3776.59 
72,48,48,$3124.69,$3539.36,$3858.32 
72,48,49,$3191.15,$3614.45,$3940.06 
72,48,50,$3257.60,$3689.54,$4021.80 
72,48,51,$3250.38,$3681.37,$4012.91 
72,48,52,$3315.38,$3754.83,$4092.87 
72,48,53,$3380.39,$3828.29,$4172.83 
72,48,54,$3445.40,$3901.75,$4252.79 
72,48,55,$3510.41,$3975.21,$4332.75 
72,48,56,$3575.41,$4048.67,$4412.71 
72,48,57,$3640.42,$4122.12,$4492.67 
72,48,58,$3705.43,$4195.58,$4572.63 
72,48,59,$3770.43,$4269.04,$4652.58 
72,48,60,$3835.44,$4342.50,$4732.54 
72,48,61,$3900.45,$4415.96,$4812.50 
72,48,62,$3965.46,$4489.42,$4892.46 
72,48,63,$4030.46,$4562.87,$4972.42 
72,48,64,$4095.47,$4636.33,$5052.38 
72,48,65,$4160.48,$4709.79,$5132.34 
72,48,66,$4225.49,$4783.25,$5212.30 
72,48,67,$4290.49,$4856.71,$5292.26 
72,48,68,$4355.50,$4930.17,$5372.22 
72,48,69,$4420.51,$5003.62,$5452.18 
72,48,70,$4485.52,$5077.08,$5532.13 
72,48,71,$4550.52,$5150.54,$5612.09 
72,48,72,$4615.53,$5224.00,$5692.05 
72,48,73,$4680.54,$5297.46,$5772.01 
72,48,74,$4745.55,$5370.91,$5851.97 
72,48,75,$4810.55,$5444.37,$5931.93 
72,48,76,$4765.77,$5393.77,$5876.85 
72,48,77,$4829.33,$5465.60,$5955.03 
72,48,78,$4892.90,$5537.42,$6033.21 
72,48,79,$4956.46,$5609.25,$6111.39 
72,48,80,$5020.02,$5681.07,$6189.57 
72,48,81,$5083.58,$5752.90,$6267.76 
72,48,82,$5147.15,$5824.73,$6345.94 
72,48,83,$5210.71,$5896.55,$6424.12 
72,48,84,$5274.27,$5968.38,$6502.30 
72,48,85,$5337.83,$6040.20,$6580.49 
72,48,86,$5401.40,$6112.03,$6658.67 
72,48,87,$5464.96,$6183.85,$6736.85 
72,48,88,$5528.52,$6255.68,$6815.03 
72,48,89,$5592.09,$6327.51,$6893.21 
72,48,90,$5655.65,$6399.33,$6971.40 
72,48,91,$5719.21,$6471.16,$7049.58 
72,48,92,$5782.77,$6542.98,$7127.76 
72,48,93,$5846.34,$6614.81,$7205.94 
72,48,94,$5909.90,$6686.64,$7284.13 
72,48,95,$5973.46,$6758.46,$7362.31 
72,48,96,$6037.02,$6830.29,$7440.49 
72,48,97,$6100.59,$6902.11,$7518.67 
72,48,98,$6164.15,$6973.94,$7596.85 
72,48,99,$6227.71,$7045.77,$7675.04 
72,48,100,$6291.27,$7117.59,$7753.22 
120,48,1,$102.33,$115.63,$125.86 
120,48,2,$204.65,$231.26,$251.72 
120,48,3,$306.98,$346.89,$379.22 
120,48,4,$416.54,$479.14,$527.29 
120,48,5,$536.92,$615.17,$675.36 
120,48,6,$657.30,$751.20,$823.43 
120,48,7,$777.69,$887.24,$971.51 
120,48,8,$898.07,$1023.27,$1119.58 
120,48,9,$1018.46,$1159.31,$1267.65 
120,48,10,$1138.84,$1295.34,$1415.72 
120,48,11,$1193.01,$1356.55,$1482.36 
120,48,12,$1307.38,$1485.79,$1623.02 
120,48,13,$1421.74,$1615.02,$1763.69 
120,48,14,$1536.11,$1744.25,$1904.36 
120,48,15,$1650.47,$1873.48,$2045.03 
120,48,16,$1764.84,$2002.72,$2185.70 
120,48,17,$1879.20,$2131.95,$2326.37 
120,48,18,$1993.57,$2261.18,$2467.04 
120,48,19,$2107.93,$2390.41,$2607.70 
120,48,20,$2222.30,$2519.64,$2748.37 
120,48,21,$2336.66,$2648.88,$2889.04 
120,48,22,$2451.03,$2778.11,$3029.71 
120,48,23,$2565.39,$2907.34,$3170.38 
120,48,24,$2679.76,$3036.57,$3311.05 
120,48,25,$2794.12,$3165.81,$3451.72 
120,48,26,$2814.59,$3188.93,$3476.89 
120,48,27,$2925.34,$3314.08,$3613.12 
120,48,28,$3036.09,$3439.23,$3749.34 
120,48,29,$3146.84,$3564.39,$3885.57 
120,48,30,$3257.60,$3689.54,$4021.80 
120,48,31,$3368.35,$3814.69,$4158.02 
120,48,32,$3479.11,$3939.84,$4294.25 
120,48,33,$3589.86,$4064.99,$4430.48 
120,48,34,$3700.61,$4190.14,$4566.70 
120,48,35,$3811.36,$4315.29,$4702.93 
120,48,36,$3922.12,$4440.44,$4839.15 
120,48,37,$4032.87,$4565.60,$4975.38 
120,48,38,$4143.63,$4690.75,$5111.61 
120,48,39,$4254.38,$4815.90,$5247.84 
120,48,40,$4365.13,$4941.05,$5384.06 
120,48,41,$4475.88,$5066.20,$5520.29 
120,48,42,$4586.64,$5191.35,$5656.51 
120,48,43,$4697.39,$5316.50,$5792.74 
120,48,44,$4808.14,$5441.65,$5928.97 
120,48,45,$4918.90,$5566.80,$6065.19 
120,48,46,$5029.65,$5691.95,$6201.42 
120,48,47,$5140.40,$5817.11,$6337.65 
120,48,48,$5251.16,$5942.26,$6473.87 
120,48,49,$5361.91,$6067.41,$6610.10 
120,48,50,$5472.66,$6192.56,$6746.33 
120,48,51,$5460.63,$6178.96,$6731.52 
120,48,52,$5568.97,$6301.39,$6864.78 
120,48,53,$5677.32,$6423.82,$6998.05 
120,48,54,$5785.66,$6546.25,$7131.31 
120,48,55,$5894.01,$6668.68,$7264.58 
120,48,56,$6002.35,$6791.11,$7397.85 
120,48,57,$6110.70,$6913.54,$7531.11 
120,48,58,$6219.05,$7035.97,$7664.38 
120,48,59,$6327.39,$7158.40,$7797.64 
120,48,60,$6435.74,$7280.83,$7930.90 
120,48,61,$6544.08,$7403.26,$8064.17 
120,48,62,$6652.43,$7525.69,$8197.43 
120,48,63,$6760.77,$7648.12,$8330.70 
120,48,64,$6869.12,$7770.55,$8463.97 
120,48,65,$6977.46,$7892.98,$8597.23 
120,48,66,$7085.81,$8015.41,$8730.50 
120,48,67,$7194.15,$8137.84,$8863.76 
120,48,68,$7302.50,$8260.28,$8997.03 
120,48,69,$7410.85,$8382.71,$9130.29 
120,48,70,$7519.19,$8505.14,$9263.56 
120,48,71,$7627.54,$8627.57,$9396.82 
120,48,72,$7735.88,$8750.00,$9530.09 
120,48,73,$7844.23,$8872.43,$9663.35 
120,48,74,$7952.57,$8994.86,$9796.62 
120,48,75,$8060.92,$9117.29,$9929.88 
120,48,76,$7986.28,$9032.95,$9838.08 
120,48,77,$8092.22,$9152.66,$9968.38 
120,48,78,$8198.16,$9272.37,$10098.68 
120,48,79,$8304.10,$9392.08,$10228.99 
120,48,80,$8410.03,$9511.79,$10359.29 
120,48,81,$8515.97,$9631.50,$10489.59 
120,48,82,$8621.91,$9751.21,$10619.90 
120,48,83,$8727.85,$9870.92,$10750.20 
120,48,84,$8833.78,$9990.63,$10880.51 
120,48,85,$8939.72,$10110.34,$11010.81 
120,48,86,$9045.66,$10230.05,$11141.11 
120,48,87,$9151.60,$10349.76,$11271.42 
120,48,88,$9257.54,$10469.47,$11401.72 
120,48,89,$9363.48,$10589.18,$11532.02 
120,48,90,$9469.41,$10708.89,$11662.33 
120,48,91,$9575.35,$10828.60,$11792.63 
120,48,92,$9681.29,$10948.31,$11922.93 
120,48,93,$9787.23,$11068.02,$12053.24 
120,48,94,$9893.16,$11187.73,$12183.54 
120,48,95,$9999.10,$11307.44,$12313.85 
120,48,96,$10105.04,$11427.15,$12444.15 
120,48,97,$10210.98,$11546.85,$12574.45 
120,48,98,$10316.92,$11666.57,$12704.76 
120,48,99,$10422.85,$11786.27,$12835.06 
120,48,100,$10528.79,$11905.99,$12965.36 
12,12,1,$12.75,$21.25,$25.50 
12,12,2,$12.75,$21.25,$25.50 
12,12,3,$12.75,$21.25,$25.50 
12,12,4,$12.75,$21.25,$25.50 
12,12,5,$12.79,$21.29,$25.54 
12,12,6,$15.35,$23.85,$28.10 
12,12,7,$17.91,$26.41,$30.66 
12,12,8,$20.47,$28.97,$33.22 
12,12,9,$23.02,$31.52,$35.77 
12,12,10,$25.58,$34.08,$38.33 
12,12,11,$26.73,$34.81,$38.84 
12,12,12,$29.16,$37.24,$41.28 
12,12,13,$31.59,$39.67,$43.71 
12,12,14,$34.02,$42.10,$46.14 
12,12,15,$36.45,$44.53,$48.57 
12,12,16,$38.88,$46.96,$51.00 
12,12,17,$41.31,$49.39,$53.43 
12,12,18,$43.74,$51.82,$55.86 
12,12,19,$46.17,$54.25,$58.29 
12,12,20,$48.60,$56.68,$60.72 
12,12,21,$51.04,$59.11,$63.15 
12,12,22,$53.47,$61.54,$65.76 
12,12,23,$55.90,$63.97,$68.75 
12,12,24,$58.33,$66.40,$71.74 
12,12,25,$60.76,$68.83,$74.73 
12,12,26,$61.19,$69.15,$75.26 
12,12,27,$63.54,$71.81,$78.16 
12,12,28,$65.90,$74.47,$81.06 
12,12,29,$68.25,$77.12,$83.95 
12,12,30,$70.61,$79.78,$86.84 
12,12,31,$72.96,$82.44,$89.74 
12,12,32,$75.31,$85.10,$92.63 
12,12,33,$77.67,$87.76,$95.53 
12,12,34,$80.02,$90.42,$98.42 
12,12,35,$82.37,$93.08,$101.32 
12,12,36,$84.73,$95.74,$104.21 
12,12,37,$87.08,$98.40,$107.11 
12,12,38,$89.43,$101.06,$110.00 
12,12,39,$91.79,$103.72,$112.90 
12,12,40,$94.14,$106.38,$115.79 
12,12,41,$96.49,$109.04,$118.69 
12,12,42,$98.85,$111.70,$121.58 
12,12,43,$101.20,$114.36,$124.48 
12,12,44,$103.55,$117.02,$127.37 
12,12,45,$105.91,$119.68,$130.27 
12,12,46,$108.26,$122.34,$133.16 
12,12,47,$110.61,$125.00,$136.06 
12,12,48,$112.97,$127.65,$138.95 
12,12,49,$115.32,$130.31,$141.85 
12,12,50,$117.68,$132.97,$144.74 
12,12,51,$117.42,$132.68,$144.43 
12,12,52,$119.72,$135.29,$147.26 
12,12,53,$122.02,$137.89,$150.09 
12,12,54,$124.33,$140.49,$152.92 
12,12,55,$126.63,$143.09,$155.75 
12,12,56,$128.93,$145.69,$158.59 
12,12,57,$131.23,$148.29,$161.42 
12,12,58,$133.54,$150.90,$164.25 
12,12,59,$135.84,$153.50,$167.08 
12,12,60,$138.14,$156.10,$169.91 
12,12,61,$140.44,$158.70,$172.74 
12,12,62,$142.75,$161.30,$175.58 
12,12,63,$145.05,$163.90,$178.41 
12,12,64,$147.35,$166.51,$181.24 
12,12,65,$149.65,$169.11,$184.07 
12,12,66,$151.95,$171.71,$186.90 
12,12,67,$154.26,$174.31,$189.74 
12,12,68,$156.56,$176.91,$192.57 
12,12,69,$158.86,$179.51,$195.40 
12,12,70,$161.16,$182.12,$198.23 
12,12,71,$163.47,$184.72,$201.06 
12,12,72,$165.77,$187.32,$203.90 
12,12,73,$168.07,$189.92,$206.73 
12,12,74,$170.37,$192.52,$209.56 
12,12,75,$172.68,$195.12,$212.39 
12,12,76,$171.09,$193.33,$210.44 
12,12,77,$173.34,$195.87,$213.21 
12,12,78,$175.59,$198.42,$215.98 
12,12,79,$177.84,$200.96,$218.75 
12,12,80,$180.09,$203.51,$221.52 
12,12,81,$182.35,$206.05,$224.29 
12,12,82,$184.60,$208.59,$227.05 
12,12,83,$186.85,$211.14,$229.82 
12,12,84,$189.10,$213.68,$232.59 
12,12,85,$191.35,$216.23,$235.36 
12,12,86,$193.60,$218.77,$238.13 
12,12,87,$195.85,$221.31,$240.90 
12,12,88,$198.10,$223.86,$243.67 
12,12,89,$200.36,$226.40,$246.44 
12,12,90,$202.61,$228.94,$249.21 
12,12,91,$204.86,$231.49,$251.97 
12,12,92,$207.11,$234.03,$254.74 
12,12,93,$209.36,$236.58,$257.51 
12,12,94,$211.61,$239.12,$260.28 
12,12,95,$213.86,$241.66,$263.05 
12,12,96,$216.11,$244.21,$265.82 
12,12,97,$218.36,$246.75,$268.59 
12,12,98,$220.62,$249.30,$271.36 
12,12,99,$222.87,$251.84,$274.13 
12,12,100,$225.12,$254.38,$276.90 
24,12,1,$12.75,$21.25,$25.50 
24,12,2,$12.75,$21.25,$25.50 
24,12,3,$15.35,$23.85,$28.10 
24,12,4,$20.47,$28.97,$33.22 
24,12,5,$25.58,$34.08,$38.33 
24,12,6,$30.70,$39.20,$43.45 
24,12,7,$35.81,$44.31,$48.56 
24,12,8,$40.93,$49.43,$53.68 
24,12,9,$46.05,$54.55,$58.80 
24,12,10,$51.16,$59.66,$63.91 
24,12,11,$53.47,$61.54,$65.76 
24,12,12,$58.33,$66.40,$71.74 
24,12,13,$63.19,$71.40,$77.72 
24,12,14,$68.05,$76.89,$83.70 
24,12,15,$72.91,$82.39,$89.68 
24,12,16,$77.77,$87.88,$95.65 
24,12,17,$82.63,$93.37,$101.63 
24,12,18,$87.49,$98.86,$107.61 
24,12,19,$92.35,$104.36,$113.59 
24,12,20,$97.21,$109.85,$119.57 
24,12,21,$102.07,$115.34,$125.55 
24,12,22,$106.93,$120.83,$131.53 
24,12,23,$111.79,$126.32,$137.50 
24,12,24,$116.65,$131.82,$143.48 
24,12,25,$121.51,$137.31,$149.46 
24,12,26,$122.38,$138.29,$150.53 
24,12,27,$127.09,$143.61,$156.32 
24,12,28,$131.80,$148.93,$162.11 
24,12,29,$136.50,$154.25,$167.90 
24,12,30,$141.21,$159.57,$173.69 
24,12,31,$145.92,$164.89,$179.48 
24,12,32,$150.62,$170.21,$185.27 
24,12,33,$155.33,$175.53,$191.06 
24,12,34,$160.04,$180.84,$196.85 
24,12,35,$164.75,$186.16,$202.64 
24,12,36,$169.45,$191.48,$208.43 
24,12,37,$174.16,$196.80,$214.22 
24,12,38,$178.87,$202.12,$220.01 
24,12,39,$183.57,$207.44,$225.80 
24,12,40,$188.28,$212.76,$231.59 
24,12,41,$192.99,$218.08,$237.37 
24,12,42,$197.69,$223.40,$243.16 
24,12,43,$202.40,$228.71,$248.95 
24,12,44,$207.11,$234.03,$254.74 
24,12,45,$211.82,$239.35,$260.53 
24,12,46,$216.52,$244.67,$266.32 
24,12,47,$221.23,$249.99,$272.11 
24,12,48,$225.94,$255.31,$277.90 
24,12,49,$230.64,$260.63,$283.69 
24,12,50,$235.35,$265.95,$289.48 
24,12,51,$234.84,$265.37,$288.85 
24,12,52,$239.44,$270.57,$294.52 
24,12,53,$244.05,$275.77,$300.18 
24,12,54,$248.65,$280.98,$305.84 
24,12,55,$253.26,$286.18,$311.51 
24,12,56,$257.86,$291.39,$317.17 
24,12,57,$262.47,$296.59,$322.83 
24,12,58,$267.07,$301.79,$328.50 
24,12,59,$271.68,$306.99,$334.16 
24,12,60,$276.28,$312.20,$339.83 
24,12,61,$280.89,$317.40,$345.49 
24,12,62,$285.49,$322.60,$351.15 
24,12,63,$290.10,$327.81,$356.82 
24,12,64,$294.70,$333.01,$362.48 
24,12,65,$299.30,$338.21,$368.15 
24,12,66,$303.91,$343.42,$374.77 
24,12,67,$308.51,$348.62,$381.44 
24,12,68,$313.12,$353.82,$388.10 
24,12,69,$317.72,$359.03,$394.76 
24,12,70,$322.33,$364.23,$401.43 
24,12,71,$326.93,$369.63,$408.09 
24,12,72,$331.54,$375.75,$414.75 
24,12,73,$336.14,$381.87,$421.42 
24,12,74,$340.75,$387.99,$428.08 
24,12,75,$345.35,$394.11,$434.74 
24,12,76,$342.18,$389.90,$430.15 
24,12,77,$346.68,$395.88,$436.67 
24,12,78,$351.18,$401.87,$443.18 
24,12,79,$355.69,$407.85,$449.70 
24,12,80,$360.19,$413.84,$456.22 
24,12,81,$364.69,$419.82,$462.73 
24,12,82,$369.35,$425.81,$469.25 
24,12,83,$374.64,$431.80,$475.76 
24,12,84,$379.94,$437.78,$482.27 
24,12,85,$385.24,$443.77,$488.79 
24,12,86,$390.53,$449.75,$495.31 
24,12,87,$395.83,$455.74,$501.82 
24,12,88,$401.13,$461.72,$508.34 
24,12,89,$406.42,$467.71,$514.85 
24,12,90,$411.72,$473.69,$521.37 
24,12,91,$417.02,$479.68,$527.88 
24,12,92,$422.31,$485.66,$534.40 
24,12,93,$427.61,$491.65,$540.91 
24,12,94,$432.91,$497.64,$547.43 
24,12,95,$438.20,$503.62,$553.94 
24,12,96,$443.50,$509.61,$560.46 
24,12,97,$448.80,$515.59,$566.97 
24,12,98,$454.10,$521.58,$573.49 
24,12,99,$459.39,$527.56,$580.00 
24,12,100,$464.69,$533.55,$586.52 
36,12,1,$12.75,$21.25,$25.50 
36,12,2,$15.35,$23.85,$28.10 
36,12,3,$23.02,$31.52,$35.77 
36,12,4,$30.70,$39.20,$43.45 
36,12,5,$38.37,$46.87,$51.12 
36,12,6,$46.05,$54.55,$58.80 
36,12,7,$53.72,$62.22,$66.47 
36,12,8,$61.40,$69.90,$75.52 
36,12,9,$69.07,$78.05,$84.96 
36,12,10,$76.74,$86.72,$94.40 
36,12,11,$80.20,$90.62,$98.64 
36,12,12,$87.49,$98.86,$107.61 
36,12,13,$94.78,$107.10,$116.58 
36,12,14,$102.07,$115.34,$125.55 
36,12,15,$109.36,$123.58,$134.51 
36,12,16,$116.65,$131.82,$143.48 
36,12,17,$123.94,$140.06,$152.45 
36,12,18,$131.23,$148.29,$161.42 
36,12,19,$138.52,$156.53,$170.39 
36,12,20,$145.81,$164.77,$179.35 
36,12,21,$153.11,$173.01,$188.32 
36,12,22,$160.40,$181.25,$197.29 
36,12,23,$167.69,$189.49,$206.26 
36,12,24,$174.98,$197.73,$215.22 
36,12,25,$182.27,$205.96,$224.19 
36,12,26,$183.57,$207.44,$225.80 
36,12,27,$190.63,$215.42,$234.48 
36,12,28,$197.69,$223.40,$243.16 
36,12,29,$204.75,$231.37,$251.85 
36,12,30,$211.82,$239.35,$260.53 
36,12,31,$218.88,$247.33,$269.22 
36,12,32,$225.94,$255.31,$277.90 
36,12,33,$233.00,$263.29,$286.59 
36,12,34,$240.06,$271.27,$295.27 
36,12,35,$247.12,$279.24,$303.96 
36,12,36,$254.18,$287.22,$312.64 
36,12,37,$261.24,$295.20,$321.32 
36,12,38,$268.30,$303.18,$330.01 
36,12,39,$275.36,$311.16,$338.69 
36,12,40,$282.42,$319.14,$347.38 
36,12,41,$289.48,$327.11,$356.06 
36,12,42,$296.54,$335.09,$364.75 
36,12,43,$303.60,$343.07,$374.33 
36,12,44,$310.66,$351.05,$384.55 
36,12,45,$317.72,$359.03,$394.76 
36,12,46,$324.78,$367.01,$404.98 
36,12,47,$331.84,$376.16,$415.20 
36,12,48,$338.91,$385.54,$425.42 
36,12,49,$345.97,$394.93,$435.63 
36,12,50,$353.03,$404.32,$445.85 
36,12,51,$352.26,$403.30,$444.74 
36,12,52,$359.17,$412.48,$454.73 
36,12,53,$366.07,$421.66,$464.73 
36,12,54,$373.80,$430.84,$474.72 
36,12,55,$381.93,$440.03,$484.72 
36,12,56,$390.05,$449.21,$494.71 
36,12,57,$398.18,$458.39,$504.71 
36,12,58,$406.30,$467.57,$514.70 
36,12,59,$414.43,$476.75,$524.70 
36,12,60,$422.56,$485.94,$534.69 
36,12,61,$430.68,$495.12,$544.69 
36,12,62,$438.81,$504.30,$554.68 
36,12,63,$446.93,$513.48,$564.68 
36,12,64,$455.06,$522.67,$574.67 
36,12,65,$463.18,$531.85,$584.67 
36,12,66,$471.31,$541.03,$594.66 
36,12,67,$479.44,$550.21,$604.66 
36,12,68,$487.56,$559.40,$614.65 
36,12,69,$495.69,$568.58,$624.65 
36,12,70,$503.81,$577.76,$634.64 
36,12,71,$511.94,$586.94,$644.64 
36,12,72,$520.07,$596.13,$654.63 
36,12,73,$528.19,$605.31,$664.63 
36,12,74,$536.32,$614.49,$674.62 
36,12,75,$544.44,$623.67,$684.62 
36,12,76,$538.85,$617.35,$677.73 
36,12,77,$546.79,$626.32,$687.50 
36,12,78,$554.74,$635.30,$697.28 
36,12,79,$562.68,$644.28,$707.05 
36,12,80,$570.63,$653.26,$716.82 
36,12,81,$578.57,$662.24,$726.60 
36,12,82,$586.52,$671.22,$736.37 
36,12,83,$594.46,$680.19,$746.14 
36,12,84,$602.41,$689.17,$755.91 
36,12,85,$610.35,$698.15,$765.69 
36,12,86,$618.30,$707.13,$775.46 
36,12,87,$626.25,$716.11,$785.23 
36,12,88,$634.19,$725.09,$795.00 
36,12,89,$642.14,$734.06,$804.78 
36,12,90,$650.08,$743.04,$814.55 
36,12,91,$658.03,$752.02,$824.32 
36,12,92,$665.97,$761.00,$834.10 
36,12,93,$673.92,$769.98,$843.87 
36,12,94,$681.86,$778.95,$853.64 
36,12,95,$689.81,$787.93,$863.41 
36,12,96,$697.75,$796.91,$873.19 
36,12,97,$705.70,$805.89,$882.96 
36,12,98,$713.64,$814.87,$892.73 
36,12,99,$721.59,$823.85,$902.50 
36,12,100,$729.53,$832.82,$912.28 
48,12,1,$12.75,$21.25,$25.50 
48,12,2,$20.47,$28.97,$33.22 
48,12,3,$30.70,$39.20,$43.45 
48,12,4,$40.93,$49.43,$53.68 
48,12,5,$51.16,$59.66,$63.91 
48,12,6,$61.40,$69.90,$75.52 
48,12,7,$71.63,$80.94,$88.10 
48,12,8,$81.86,$92.50,$100.69 
48,12,9,$92.09,$104.07,$113.28 
48,12,10,$102.33,$115.63,$125.86 
48,12,11,$106.93,$120.83,$131.53 
48,12,12,$116.65,$131.82,$143.48 
48,12,13,$126.37,$142.80,$155.44 
48,12,14,$136.09,$153.79,$167.40 
48,12,15,$145.81,$164.77,$179.35 
48,12,16,$155.54,$175.76,$191.31 
48,12,17,$165.26,$186.74,$203.27 
48,12,18,$174.98,$197.73,$215.22 
48,12,19,$184.70,$208.71,$227.18 
48,12,20,$194.42,$219.69,$239.14 
48,12,21,$204.14,$230.68,$251.09 
48,12,22,$213.86,$241.66,$263.05 
48,12,23,$223.58,$252.65,$275.01 
48,12,24,$233.30,$263.63,$286.96 
48,12,25,$243.03,$274.62,$298.92 
48,12,26,$244.77,$276.58,$301.06 
48,12,27,$254.18,$287.22,$312.64 
48,12,28,$263.59,$297.86,$324.22 
48,12,29,$273.01,$308.50,$335.80 
48,12,30,$282.42,$319.14,$347.38 
48,12,31,$291.83,$329.77,$358.96 
48,12,32,$301.25,$340.41,$370.93 
48,12,33,$310.66,$351.05,$384.55 
48,12,34,$320.08,$361.69,$398.17 
48,12,35,$329.49,$373.03,$411.79 
48,12,36,$338.91,$385.54,$425.42 
48,12,37,$348.32,$398.06,$439.04 
48,12,38,$357.73,$410.57,$452.66 
48,12,39,$367.15,$423.09,$466.28 
48,12,40,$378.01,$435.61,$479.91 
48,12,41,$389.09,$448.12,$493.53 
48,12,42,$400.16,$460.63,$507.15 
48,12,43,$411.24,$473.15,$520.77 
48,12,44,$422.31,$485.66,$534.40 
48,12,45,$433.39,$498.18,$548.02 
48,12,46,$444.46,$510.70,$561.64 
48,12,47,$455.54,$523.21,$575.26 
48,12,48,$466.62,$535.73,$588.89 
48,12,49,$477.69,$548.24,$602.51 
48,12,50,$488.77,$560.76,$616.13 
48,12,51,$487.56,$559.40,$614.65 
48,12,52,$498.40,$571.64,$627.98 
48,12,53,$509.23,$583.88,$641.30 
48,12,54,$520.07,$596.13,$654.63 
48,12,55,$530.90,$608.37,$667.96 
48,12,56,$541.74,$620.61,$681.28 
48,12,57,$552.57,$632.85,$694.61 
48,12,58,$563.40,$645.10,$707.94 
48,12,59,$574.24,$657.34,$721.26 
48,12,60,$585.07,$669.58,$734.59 
48,12,61,$595.91,$681.83,$747.92 
48,12,62,$606.74,$694.07,$761.24 
48,12,63,$617.58,$706.31,$774.57 
48,12,64,$628.41,$718.55,$787.90 
48,12,65,$639.25,$730.80,$801.22 
48,12,66,$650.08,$743.04,$814.55 
48,12,67,$660.92,$755.28,$827.88 
48,12,68,$671.75,$767.53,$841.20 
48,12,69,$682.59,$779.77,$854.53 
48,12,70,$693.42,$792.01,$867.86 
48,12,71,$704.25,$804.26,$881.18 
48,12,72,$715.09,$816.50,$894.51 
48,12,73,$725.92,$828.74,$907.84 
48,12,74,$736.76,$840.99,$921.16 
48,12,75,$747.59,$853.23,$934.49 
48,12,76,$740.13,$844.79,$925.31 
48,12,77,$750.72,$856.77,$938.34 
48,12,78,$761.32,$868.74,$951.37 
48,12,79,$771.91,$880.71,$964.40 
48,12,80,$782.50,$892.68,$977.43 
48,12,81,$793.10,$904.65,$990.46 
48,12,82,$803.69,$916.62,$1003.49 
48,12,83,$814.28,$928.59,$1016.52 
48,12,84,$824.88,$940.56,$1029.55 
48,12,85,$835.47,$952.53,$1042.58 
48,12,86,$846.07,$964.51,$1055.61 
48,12,87,$856.66,$976.48,$1068.64 
48,12,88,$867.25,$988.45,$1081.67 
48,12,89,$877.85,$1000.42,$1094.70 
48,12,90,$888.44,$1012.39,$1107.73 
48,12,91,$899.03,$1024.36,$1120.76 
48,12,92,$909.63,$1036.33,$1133.79 
48,12,93,$920.22,$1048.30,$1146.82 
48,12,94,$930.82,$1060.27,$1159.85 
48,12,95,$941.41,$1072.24,$1172.88 
48,12,96,$952.00,$1084.21,$1185.91 
48,12,97,$962.60,$1096.19,$1198.94 
48,12,98,$973.19,$1108.16,$1211.98 
48,12,99,$983.79,$1120.13,$1225.01 
48,12,100,$994.38,$1132.10,$1238.04 
60,12,1,$12.79,$21.29,$25.54 
60,12,2,$25.58,$34.08,$38.33 
60,12,3,$38.37,$46.87,$51.12 
60,12,4,$51.16,$59.66,$63.91 
60,12,5,$63.95,$72.45,$78.66 
60,12,6,$76.74,$86.72,$94.40 
60,12,7,$89.54,$101.18,$110.13 
60,12,8,$102.33,$115.63,$125.86 
60,12,9,$115.12,$130.08,$141.59 
60,12,10,$127.91,$144.54,$157.33 
60,12,11,$133.66,$151.04,$164.41 
60,12,12,$145.81,$164.77,$179.35 
60,12,13,$157.97,$178.50,$194.30 
60,12,14,$170.12,$192.23,$209.24 
60,12,15,$182.27,$205.96,$224.19 
60,12,16,$194.42,$219.69,$239.14 
60,12,17,$206.57,$233.43,$254.08 
60,12,18,$218.72,$247.16,$269.03 
60,12,19,$230.87,$260.89,$283.97 
60,12,20,$243.03,$274.62,$298.92 
60,12,21,$255.18,$288.35,$313.87 
60,12,22,$267.33,$302.08,$328.81 
60,12,23,$279.48,$315.81,$343.76 
60,12,24,$291.63,$329.54,$358.71 
60,12,25,$303.78,$343.27,$374.59 
60,12,26,$305.96,$345.73,$377.74 
60,12,27,$317.72,$359.03,$394.76 
60,12,28,$329.49,$373.03,$411.79 
60,12,29,$341.26,$388.67,$428.82 
60,12,30,$353.03,$404.32,$445.85 
60,12,31,$364.79,$419.96,$462.88 
60,12,32,$378.01,$435.61,$479.91 
60,12,33,$391.86,$451.25,$496.93 
60,12,34,$405.70,$466.89,$513.96 
60,12,35,$419.55,$482.54,$530.99 
60,12,36,$433.39,$498.18,$548.02 
60,12,37,$447.23,$513.82,$565.05 
60,12,38,$461.08,$529.47,$582.08 
60,12,39,$474.92,$545.11,$599.10 
60,12,40,$488.77,$560.76,$616.13 
60,12,41,$502.61,$576.40,$633.16 
60,12,42,$516.46,$592.04,$650.19 
60,12,43,$530.30,$607.69,$667.22 
60,12,44,$544.14,$623.33,$684.25 
60,12,45,$557.99,$638.98,$701.27 
60,12,46,$571.83,$654.62,$718.30 
60,12,47,$585.68,$670.26,$735.33 
60,12,48,$599.52,$685.91,$752.36 
60,12,49,$613.36,$701.55,$769.39 
60,12,50,$627.21,$717.20,$786.42 
60,12,51,$625.70,$715.50,$784.57 
60,12,52,$639.25,$730.80,$801.22 
60,12,53,$652.79,$746.10,$817.88 
60,12,54,$666.33,$761.41,$834.54 
60,12,55,$679.88,$776.71,$851.20 
60,12,56,$693.42,$792.01,$867.86 
60,12,57,$706.96,$807.32,$884.51 
60,12,58,$720.51,$822.62,$901.17 
60,12,59,$734.05,$837.92,$917.83 
60,12,60,$747.59,$853.23,$934.49 
60,12,61,$761.13,$868.53,$951.15 
60,12,62,$774.68,$883.84,$967.80 
60,12,63,$788.22,$899.14,$984.46 
60,12,64,$801.76,$914.44,$1001.12 
60,12,65,$815.31,$929.75,$1017.78 
60,12,66,$828.85,$945.05,$1034.44 
60,12,67,$842.39,$960.36,$1051.10 
60,12,68,$855.94,$975.66,$1067.75 
60,12,69,$869.48,$990.96,$1084.41 
60,12,70,$883.02,$1006.27,$1101.07 
60,12,71,$896.57,$1021.57,$1117.73 
60,12,72,$910.11,$1036.88,$1134.39 
60,12,73,$923.65,$1052.18,$1151.04 
60,12,74,$937.20,$1067.48,$1167.70 
60,12,75,$950.74,$1082.79,$1184.36 
60,12,76,$941.41,$1072.24,$1172.88 
60,12,77,$954.65,$1087.21,$1189.17 
60,12,78,$967.89,$1102.17,$1205.46 
60,12,79,$981.14,$1117.13,$1221.75 
60,12,80,$994.38,$1132.10,$1238.04 
60,12,81,$1007.62,$1147.06,$1254.32 
60,12,82,$1020.86,$1162.03,$1270.61 
60,12,83,$1034.11,$1176.99,$1286.90 
60,12,84,$1047.35,$1191.95,$1303.19 
60,12,85,$1060.59,$1206.92,$1319.48 
60,12,86,$1073.83,$1221.88,$1335.76 
60,12,87,$1087.08,$1236.85,$1352.05 
60,12,88,$1100.32,$1251.81,$1368.34 
60,12,89,$1113.56,$1266.77,$1384.63 
60,12,90,$1126.80,$1281.74,$1400.92 
60,12,91,$1140.04,$1296.70,$1417.20 
60,12,92,$1153.29,$1311.66,$1433.49 
60,12,93,$1166.53,$1326.63,$1449.78 
60,12,94,$1179.77,$1341.59,$1466.07 
60,12,95,$1193.01,$1356.55,$1482.36 
60,12,96,$1206.26,$1371.52,$1498.64 
60,12,97,$1219.50,$1386.48,$1514.93 
60,12,98,$1232.74,$1401.45,$1531.22 
60,12,99,$1245.98,$1416.41,$1547.51 
60,12,100,$1259.22,$1431.37,$1563.80 
72,12,1,$15.35,$23.85,$28.10 
72,12,2,$30.70,$39.20,$43.45 
72,12,3,$46.05,$54.55,$58.80 
72,12,4,$61.40,$69.90,$75.52 
72,12,5,$76.74,$86.72,$94.40 
72,12,6,$92.09,$104.07,$113.28 
72,12,7,$107.44,$121.41,$132.15 
72,12,8,$122.79,$138.75,$151.03 
72,12,9,$138.14,$156.10,$169.91 
72,12,10,$153.49,$173.44,$188.79 
72,12,11,$160.40,$181.25,$197.29 
72,12,12,$174.98,$197.73,$215.22 
72,12,13,$189.56,$214.20,$233.16 
72,12,14,$204.14,$230.68,$251.09 
72,12,15,$218.72,$247.16,$269.03 
72,12,16,$233.30,$263.63,$286.96 
72,12,17,$247.89,$280.11,$304.90 
72,12,18,$262.47,$296.59,$322.84 
72,12,19,$277.05,$313.07,$340.77 
72,12,20,$291.63,$329.54,$358.71 
72,12,21,$306.21,$346.02,$378.11 
72,12,22,$320.79,$362.50,$399.21 
72,12,23,$335.38,$380.85,$420.31 
72,12,24,$349.96,$400.24,$441.41 
72,12,25,$364.54,$419.62,$462.51 
72,12,26,$367.15,$423.09,$466.28 
72,12,27,$383.55,$441.86,$486.72 
72,12,28,$400.16,$460.63,$507.15 
72,12,29,$416.78,$479.41,$527.59 
72,12,30,$433.39,$498.18,$548.02 
72,12,31,$450.00,$516.95,$568.45 
72,12,32,$466.62,$535.73,$588.89 
72,12,33,$483.23,$554.50,$609.32 
72,12,34,$499.84,$573.27,$629.75 
72,12,35,$516.46,$592.04,$650.19 
72,12,36,$533.07,$610.82,$670.62 
72,12,37,$549.68,$629.59,$691.06 
72,12,38,$566.29,$648.36,$711.49 
72,12,39,$582.91,$667.13,$731.92 
72,12,40,$599.52,$685.91,$752.36 
72,12,41,$616.13,$704.68,$772.79 
72,12,42,$632.75,$723.45,$793.23 
72,12,43,$649.36,$742.23,$813.66 
72,12,44,$665.97,$761.00,$834.10 
72,12,45,$682.59,$779.77,$854.53 
72,12,46,$699.20,$798.54,$874.96 
72,12,47,$715.81,$817.32,$895.40 
72,12,48,$732.42,$836.09,$915.83 
72,12,49,$749.04,$854.86,$936.26 
72,12,50,$765.65,$873.63,$956.70 
72,12,51,$763.84,$871.59,$954.48 
72,12,52,$780.10,$889.96,$974.47 
72,12,53,$796.35,$908.32,$994.46 
72,12,54,$812.60,$926.69,$1014.45 
72,12,55,$828.85,$945.05,$1034.44 
72,12,56,$845.10,$963.42,$1054.43 
72,12,57,$861.36,$981.78,$1074.42 
72,12,58,$877.61,$1000.15,$1094.41 
72,12,59,$893.86,$1018.51,$1114.40 
72,12,60,$910.11,$1036.88,$1134.39 
72,12,61,$926.36,$1055.24,$1154.38 
72,12,62,$942.61,$1073.60,$1174.37 
72,12,63,$958.87,$1091.97,$1194.36 
72,12,64,$975.12,$1110.33,$1214.35 
72,12,65,$991.37,$1128.70,$1234.34 
72,12,66,$1007.62,$1147.06,$1254.32 
72,12,67,$1023.87,$1165.43,$1274.31 
72,12,68,$1040.13,$1183.79,$1294.30 
72,12,69,$1056.38,$1202.16,$1314.29 
72,12,70,$1072.63,$1220.52,$1334.28 
72,12,71,$1088.88,$1238.88,$1354.27 
72,12,72,$1105.13,$1257.25,$1374.26 
72,12,73,$1121.38,$1275.61,$1394.25 
72,12,74,$1137.64,$1293.98,$1414.24 
72,12,75,$1153.89,$1312.34,$1434.23 
72,12,76,$1142.69,$1299.69,$1420.46 
72,12,77,$1158.58,$1317.65,$1440.01 
72,12,78,$1174.47,$1335.61,$1459.55 
72,12,79,$1190.36,$1353.56,$1479.10 
72,12,80,$1206.26,$1371.52,$1498.64 
72,12,81,$1222.15,$1389.47,$1518.19 
72,12,82,$1238.04,$1407.43,$1537.73 
72,12,83,$1253.93,$1425.39,$1557.28 
72,12,84,$1269.82,$1443.34,$1576.83 
72,12,85,$1285.71,$1461.30,$1596.37 
72,12,86,$1301.60,$1479.26,$1615.92 
72,12,87,$1317.49,$1497.21,$1635.46 
72,12,88,$1333.38,$1515.17,$1655.01 
72,12,89,$1349.27,$1533.13,$1674.55 
72,12,90,$1365.16,$1551.08,$1694.10 
72,12,91,$1381.05,$1569.04,$1713.64 
72,12,92,$1396.94,$1587.00,$1733.19 
72,12,93,$1412.83,$1604.95,$1752.74 
72,12,94,$1428.72,$1622.91,$1772.28 
72,12,95,$1444.62,$1640.87,$1791.83 
72,12,96,$1460.51,$1658.82,$1811.37 
72,12,97,$1476.40,$1676.78,$1830.92 
72,12,98,$1492.29,$1694.73,$1850.46 
72,12,99,$1508.18,$1712.69,$1870.01 
72,12,100,$1524.07,$1730.65,$1889.56 
84,12,1,$17.91,$26.41,$30.66 
84,12,2,$35.81,$44.31,$48.56 
84,12,3,$53.72,$62.22,$66.47 
84,12,4,$71.63,$80.94,$88.10 
84,12,5,$89.54,$101.18,$110.13 
84,12,6,$107.44,$121.41,$132.15 
84,12,7,$125.35,$141.65,$154.18 
84,12,8,$143.26,$161.88,$176.21 
84,12,9,$161.16,$182.12,$198.23 
84,12,10,$179.07,$202.35,$220.26 
84,12,11,$187.13,$211.46,$230.17 
84,12,12,$204.14,$230.68,$251.09 
84,12,13,$221.15,$249.90,$272.02 
84,12,14,$238.16,$269.13,$292.94 
84,12,15,$255.18,$288.35,$313.87 
84,12,16,$272.19,$307.57,$334.79 
84,12,17,$289.20,$326.80,$355.72 
84,12,18,$306.21,$346.02,$378.11 
84,12,19,$323.22,$365.24,$402.72 
84,12,20,$340.24,$387.31,$427.34 
84,12,21,$357.25,$409.93,$451.96 
84,12,22,$375.30,$432.54,$476.57 
84,12,23,$395.32,$455.16,$501.19 
84,12,24,$415.33,$477.77,$525.81 
84,12,25,$435.35,$500.39,$550.43 
84,12,26,$438.93,$504.44,$554.83 
84,12,27,$458.31,$526.34,$578.67 
84,12,28,$477.69,$548.24,$602.51 
84,12,29,$497.07,$570.14,$626.35 
84,12,30,$516.46,$592.04,$650.19 
84,12,31,$535.84,$613.95,$674.03 
84,12,32,$555.22,$635.85,$697.87 
84,12,33,$574.60,$657.75,$721.71 
84,12,34,$593.98,$679.65,$745.55 
84,12,35,$613.36,$701.55,$769.39 
84,12,36,$632.75,$723.45,$793.23 
84,12,37,$652.13,$745.35,$817.07 
84,12,38,$671.51,$767.26,$840.91 
84,12,39,$690.89,$789.16,$864.75 
84,12,40,$710.27,$811.06,$888.59 
84,12,41,$729.65,$832.96,$912.42 
84,12,42,$749.04,$854.86,$936.26 
84,12,43,$768.42,$876.76,$960.11 
84,12,44,$787.80,$898.66,$983.94 
84,12,45,$807.18,$920.57,$1007.78 
84,12,46,$826.56,$942.47,$1031.62 
84,12,47,$845.95,$964.37,$1055.46 
84,12,48,$865.33,$986.27,$1079.30 
84,12,49,$884.71,$1008.17,$1103.14 
84,12,50,$904.09,$1030.07,$1126.98 
84,12,51,$901.98,$1027.69,$1124.39 
84,12,52,$920.95,$1049.12,$1147.71 
84,12,53,$939.90,$1070.54,$1171.03 
84,12,54,$958.87,$1091.97,$1194.36 
84,12,55,$977.83,$1113.39,$1217.68 
84,12,56,$996.79,$1134.82,$1241.00 
84,12,57,$1015.75,$1156.24,$1264.32 
84,12,58,$1034.71,$1177.67,$1287.64 
84,12,59,$1053.67,$1199.10,$1310.96 
84,12,60,$1072.63,$1220.52,$1334.28 
84,12,61,$1091.59,$1241.95,$1357.61 
84,12,62,$1110.55,$1263.37,$1380.93 
84,12,63,$1129.51,$1284.80,$1404.25 
84,12,64,$1148.47,$1306.22,$1427.57 
84,12,65,$1167.43,$1327.65,$1450.89 
84,12,66,$1186.39,$1349.07,$1474.21 
84,12,67,$1205.35,$1370.50,$1497.53 
84,12,68,$1224.31,$1391.92,$1520.86 
84,12,69,$1243.27,$1413.35,$1544.18 
84,12,70,$1262.23,$1434.77,$1567.50 
84,12,71,$1281.19,$1456.20,$1590.82 
84,12,72,$1300.15,$1477.63,$1614.14 
84,12,73,$1319.12,$1499.05,$1637.46 
84,12,74,$1338.08,$1520.47,$1660.78 
84,12,75,$1357.04,$1541.90,$1684.10 
84,12,76,$1343.97,$1527.14,$1668.04 
84,12,77,$1362.51,$1548.09,$1690.84 
84,12,78,$1381.05,$1569.04,$1713.64 
84,12,79,$1399.59,$1589.99,$1736.45 
84,12,80,$1418.13,$1610.94,$1759.25 
84,12,81,$1436.67,$1631.89,$1782.05 
84,12,82,$1455.21,$1652.84,$1804.86 
84,12,83,$1473.75,$1673.79,$1827.66 
84,12,84,$1492.29,$1694.73,$1850.46 
84,12,85,$1510.83,$1715.68,$1873.27 
84,12,86,$1529.37,$1736.63,$1896.07 
84,12,87,$1547.90,$1757.58,$1918.87 
84,12,88,$1566.44,$1778.53,$1941.68 
84,12,89,$1584.98,$1799.48,$1964.48 
84,12,90,$1603.52,$1820.43,$1987.28 
84,12,91,$1622.06,$1841.38,$2010.09 
84,12,92,$1640.60,$1862.33,$2032.89 
84,12,93,$1659.14,$1883.28,$2055.69 
84,12,94,$1677.68,$1904.23,$2078.49 
84,12,95,$1696.22,$1925.18,$2101.30 
84,12,96,$1714.76,$1946.13,$2124.10 
84,12,97,$1733.30,$1967.08,$2146.90 
84,12,98,$1751.84,$1988.02,$2169.71 
84,12,99,$1770.37,$2008.97,$2192.51 
84,12,100,$1788.91,$2029.92,$2215.31 
96,12,1,$20.47,$28.97,$33.22 
96,12,2,$40.93,$49.43,$53.68 
96,12,3,$61.40,$69.90,$75.52 
96,12,4,$81.86,$92.50,$100.69 
96,12,5,$102.33,$115.63,$125.86 
96,12,6,$122.79,$138.75,$151.03 
96,12,7,$143.26,$161.88,$176.21 
96,12,8,$163.72,$185.01,$201.38 
96,12,9,$184.19,$208.13,$226.55 
96,12,10,$204.65,$231.26,$251.72 
96,12,11,$213.86,$241.66,$263.05 
96,12,12,$233.30,$263.63,$286.96 
96,12,13,$252.75,$285.60,$310.88 
96,12,14,$272.19,$307.57,$334.79 
96,12,15,$291.63,$329.54,$358.71 
96,12,16,$311.07,$351.51,$385.14 
96,12,17,$330.51,$374.39,$413.27 
96,12,18,$349.96,$400.24,$441.41 
96,12,19,$369.59,$426.08,$469.54 
96,12,20,$392.46,$451.93,$497.67 
96,12,21,$415.33,$477.77,$525.81 
96,12,22,$438.20,$503.62,$553.94 
96,12,23,$461.08,$529.47,$582.08 
96,12,24,$483.95,$555.32,$610.21 
96,12,25,$506.82,$581.16,$638.34 
96,12,26,$510.92,$585.79,$643.38 
96,12,27,$533.07,$610.82,$670.62 
96,12,28,$555.22,$635.85,$697.87 
96,12,29,$577.37,$660.88,$725.11 
96,12,30,$599.52,$685.91,$752.36 
96,12,31,$621.67,$710.94,$779.61 
96,12,32,$643.82,$735.97,$806.85 
96,12,33,$665.97,$761.00,$834.10 
96,12,34,$688.12,$786.03,$861.34 
96,12,35,$710.27,$811.06,$888.59 
96,12,36,$732.42,$836.09,$915.83 
96,12,37,$754.57,$861.12,$943.08 
96,12,38,$776.73,$886.15,$970.32 
96,12,39,$798.88,$911.18,$997.57 
96,12,40,$821.03,$936.21,$1024.81 
96,12,41,$843.18,$961.24,$1052.06 
96,12,42,$865.33,$986.27,$1079.30 
96,12,43,$887.48,$1011.30,$1106.55 
96,12,44,$909.63,$1036.33,$1133.79 
96,12,45,$931.78,$1061.36,$1161.04 
96,12,46,$953.93,$1086.39,$1188.28 
96,12,47,$976.08,$1111.42,$1215.53 
96,12,48,$998.23,$1136.45,$1242.78 
96,12,49,$1020.38,$1161.48,$1270.02 
96,12,50,$1042.53,$1186.51,$1297.27 
96,12,51,$1040.13,$1183.79,$1294.30 
96,12,52,$1061.79,$1208.28,$1320.96 
96,12,53,$1083.46,$1232.76,$1347.61 
96,12,54,$1105.13,$1257.25,$1374.26 
96,12,55,$1126.80,$1281.74,$1400.92 
96,12,56,$1148.47,$1306.22,$1427.57 
96,12,57,$1170.14,$1330.71,$1454.22 
96,12,58,$1191.81,$1355.19,$1480.88 
96,12,59,$1213.48,$1379.68,$1507.53 
96,12,60,$1235.15,$1404.17,$1534.18 
96,12,61,$1256.82,$1428.65,$1560.83 
96,12,62,$1278.48,$1453.14,$1587.49 
96,12,63,$1300.15,$1477.63,$1614.14 
96,12,64,$1321.82,$1502.11,$1640.79 
96,12,65,$1343.49,$1526.60,$1667.45 
96,12,66,$1365.16,$1551.08,$1694.10 
96,12,67,$1386.83,$1575.57,$1720.75 
96,12,68,$1408.50,$1600.06,$1747.40 
96,12,69,$1430.17,$1624.54,$1774.06 
96,12,70,$1451.84,$1649.03,$1800.71 
96,12,71,$1473.51,$1673.51,$1827.36 
96,12,72,$1495.18,$1698.00,$1854.02 
96,12,73,$1516.85,$1722.49,$1880.67 
96,12,74,$1538.52,$1746.97,$1907.32 
96,12,75,$1560.18,$1771.46,$1933.98 
96,12,76,$1545.26,$1754.59,$1915.62 
96,12,77,$1566.44,$1778.53,$1941.68 
96,12,78,$1587.63,$1802.47,$1967.74 
96,12,79,$1608.82,$1826.42,$1993.80 
96,12,80,$1630.01,$1850.36,$2019.86 
96,12,81,$1651.19,$1874.30,$2045.92 
96,12,82,$1672.38,$1898.24,$2071.98 
96,12,83,$1693.57,$1922.18,$2098.04 
96,12,84,$1714.76,$1946.13,$2124.10 
96,12,85,$1735.94,$1970.07,$2150.16 
96,12,86,$1757.13,$1994.01,$2176.22 
96,12,87,$1778.32,$2017.95,$2202.28 
96,12,88,$1799.51,$2041.89,$2228.34 
96,12,89,$1820.69,$2065.84,$2254.41 
96,12,90,$1841.88,$2089.78,$2280.47 
96,12,91,$1863.07,$2113.72,$2306.53 
96,12,92,$1884.26,$2137.66,$2332.59 
96,12,93,$1905.44,$2161.60,$2358.65 
96,12,94,$1926.63,$2185.55,$2384.71 
96,12,95,$1947.82,$2209.49,$2410.77 
96,12,96,$1969.01,$2233.43,$2436.83 
96,12,97,$1990.20,$2257.37,$2462.89 
96,12,98,$2011.38,$2281.31,$2488.95 
96,12,99,$2032.57,$2305.26,$2515.01 
96,12,100,$2053.76,$2329.20,$2541.07 
108,12,1,$23.02,$31.52,$35.77 
108,12,2,$46.05,$54.55,$58.80 
108,12,3,$69.07,$78.05,$84.96 
108,12,4,$92.09,$104.07,$113.28 
108,12,5,$115.12,$130.08,$141.59 
108,12,6,$138.14,$156.10,$169.91 
108,12,7,$161.16,$182.12,$198.23 
108,12,8,$184.19,$208.13,$226.55 
108,12,9,$207.21,$234.15,$254.87 
108,12,10,$230.23,$260.16,$283.19 
108,12,11,$240.60,$271.87,$295.93 
108,12,12,$262.47,$296.59,$322.84 
108,12,13,$284.34,$321.30,$349.74 
108,12,14,$306.21,$346.02,$378.11 
108,12,15,$328.08,$371.16,$409.76 
108,12,16,$349.96,$400.24,$441.41 
108,12,17,$372.44,$429.31,$473.06 
108,12,18,$398.18,$458.39,$504.71 
108,12,19,$423.91,$487.47,$536.36 
108,12,20,$449.64,$516.54,$568.01 
108,12,21,$475.37,$545.62,$599.66 
108,12,22,$501.11,$574.70,$631.31 
108,12,23,$526.84,$603.78,$662.96 
108,12,24,$552.57,$632.85,$694.61 
108,12,25,$578.30,$661.93,$726.26 
108,12,26,$582.91,$667.13,$731.92 
108,12,27,$607.83,$695.29,$762.58 
108,12,28,$632.75,$723.45,$793.23 
108,12,29,$657.66,$751.61,$823.88 
108,12,30,$682.59,$779.77,$854.53 
108,12,31,$707.50,$807.93,$885.18 
108,12,32,$732.42,$836.09,$915.83 
108,12,33,$757.34,$864.25,$946.48 
108,12,34,$782.26,$892.41,$977.13 
108,12,35,$807.18,$920.57,$1007.78 
108,12,36,$832.10,$948.73,$1038.43 
108,12,37,$857.02,$976.88,$1069.09 
108,12,38,$881.94,$1005.04,$1099.74 
108,12,39,$906.86,$1033.20,$1130.39 
108,12,40,$931.78,$1061.36,$1161.04 
108,12,41,$956.70,$1089.52,$1191.69 
108,12,42,$981.62,$1117.68,$1222.34 
108,12,43,$1006.54,$1145.84,$1252.99 
108,12,44,$1031.46,$1174.00,$1283.64 
108,12,45,$1056.38,$1202.16,$1314.29 
108,12,46,$1081.30,$1230.32,$1344.94 
108,12,47,$1106.22,$1258.47,$1375.60 
108,12,48,$1131.13,$1286.63,$1406.25 
108,12,49,$1156.06,$1314.79,$1436.90 
108,12,50,$1180.97,$1342.95,$1467.55 
108,12,51,$1178.27,$1339.89,$1464.22 
108,12,52,$1202.64,$1367.44,$1494.20 
108,12,53,$1227.02,$1394.98,$1524.19 
108,12,54,$1251.40,$1422.53,$1554.17 
108,12,55,$1275.78,$1450.08,$1584.16 
108,12,56,$1300.15,$1477.63,$1614.14 
108,12,57,$1324.53,$1505.17,$1644.13 
108,12,58,$1348.91,$1532.72,$1674.11 
108,12,59,$1373.29,$1560.27,$1704.09 
108,12,60,$1397.67,$1587.81,$1734.08 
108,12,61,$1422.04,$1615.36,$1764.06 
108,12,62,$1446.42,$1642.91,$1794.05 
108,12,63,$1470.80,$1670.45,$1824.03 
108,12,64,$1495.18,$1698.00,$1854.02 
108,12,65,$1519.55,$1725.55,$1884.00 
108,12,66,$1543.93,$1753.09,$1913.99 
108,12,67,$1568.31,$1780.64,$1943.97 
108,12,68,$1592.69,$1808.19,$1973.96 
108,12,69,$1617.07,$1835.73,$2003.94 
108,12,70,$1641.44,$1863.28,$2033.93 
108,12,71,$1665.82,$1890.83,$2063.91 
108,12,72,$1690.20,$1918.38,$2093.89 
108,12,73,$1714.58,$1945.92,$2123.88 
108,12,74,$1738.95,$1973.47,$2153.86 
108,12,75,$1763.33,$2001.01,$2183.85 
108,12,76,$1746.54,$1982.04,$2163.19 
108,12,77,$1770.37,$2008.97,$2192.51 
108,12,78,$1794.21,$2035.91,$2221.83 
108,12,79,$1818.05,$2062.84,$2251.15 
108,12,80,$1841.88,$2089.78,$2280.47 
108,12,81,$1865.72,$2116.71,$2309.78 
108,12,82,$1889.56,$2143.65,$2339.10 
108,12,83,$1913.39,$2170.58,$2368.42 
108,12,84,$1937.23,$2197.52,$2397.74 
108,12,85,$1961.06,$2224.45,$2427.06 
108,12,86,$1984.90,$2251.39,$2456.38 
108,12,87,$2008.74,$2278.32,$2485.69 
108,12,88,$2032.57,$2305.26,$2515.01 
108,12,89,$2056.41,$2332.19,$2544.33 
108,12,90,$2080.24,$2359.12,$2573.65 
108,12,91,$2104.08,$2386.06,$2602.97 
108,12,92,$2127.91,$2412.99,$2632.28 
108,12,93,$2151.75,$2439.93,$2661.60 
108,12,94,$2175.59,$2466.86,$2690.92 
108,12,95,$2199.42,$2493.80,$2720.24 
108,12,96,$2223.26,$2520.73,$2749.56 
108,12,97,$2247.09,$2547.67,$2778.88 
108,12,98,$2270.93,$2574.60,$2808.20 
108,12,99,$2294.77,$2601.54,$2837.51 
108,12,100,$2318.60,$2628.47,$2866.83 
120,12,1,$25.58,$34.08,$38.33 
120,12,2,$51.16,$59.66,$63.91 
120,12,3,$76.74,$86.72,$94.40 
120,12,4,$102.33,$115.63,$125.86 
120,12,5,$127.91,$144.54,$157.33 
120,12,6,$153.49,$173.44,$188.79 
120,12,7,$179.07,$202.35,$220.26 
120,12,8,$204.65,$231.26,$251.72 
120,12,9,$230.23,$260.16,$283.19 
120,12,10,$255.82,$289.07,$314.65 
120,12,11,$267.33,$302.08,$328.81 
120,12,12,$291.63,$329.54,$358.71 
120,12,13,$315.93,$357.00,$392.17 
120,12,14,$340.24,$387.31,$427.34 
120,12,15,$364.54,$419.62,$462.51 
120,12,16,$392.46,$451.93,$497.67 
120,12,17,$421.05,$484.24,$532.84 
120,12,18,$449.64,$516.54,$568.01 
120,12,19,$478.23,$548.85,$603.18 
120,12,20,$506.82,$581.16,$638.34 
120,12,21,$535.41,$613.47,$673.51 
120,12,22,$564.01,$645.78,$708.68 
120,12,23,$592.60,$678.09,$743.85 
120,12,24,$621.19,$710.39,$779.01 
120,12,25,$649.78,$742.70,$814.18 
120,12,26,$654.90,$748.48,$820.47 
120,12,27,$682.59,$779.77,$854.53 
120,12,28,$710.27,$811.06,$888.59 
120,12,29,$737.96,$842.35,$922.64 
120,12,30,$765.65,$873.63,$956.70 
120,12,31,$793.34,$904.92,$990.76 
120,12,32,$821.03,$936.21,$1024.81 
120,12,33,$848.72,$967.50,$1058.87 
120,12,34,$876.40,$998.79,$1092.93 
120,12,35,$904.09,$1030.07,$1126.98 
120,12,36,$931.78,$1061.36,$1161.04 
120,12,37,$959.47,$1092.65,$1195.10 
120,12,38,$987.16,$1123.94,$1229.15 
120,12,39,$1014.84,$1155.22,$1263.21 
120,12,40,$1042.53,$1186.51,$1297.27 
120,12,41,$1070.22,$1217.80,$1331.32 
120,12,42,$1097.91,$1249.09,$1365.38 
120,12,43,$1125.60,$1280.38,$1399.43 
120,12,44,$1153.29,$1311.66,$1433.49 
120,12,45,$1180.97,$1342.95,$1467.55 
120,12,46,$1208.66,$1374.24,$1501.61 
120,12,47,$1236.35,$1405.53,$1535.66 
120,12,48,$1264.04,$1436.81,$1569.72 
120,12,49,$1291.73,$1468.10,$1603.78 
120,12,50,$1319.42,$1499.39,$1637.83 
120,12,51,$1316.41,$1495.99,$1634.13 
120,12,52,$1343.49,$1526.60,$1667.45 
120,12,53,$1370.58,$1557.20,$1700.76 
120,12,54,$1397.67,$1587.81,$1734.08 
120,12,55,$1424.75,$1618.42,$1767.39 
120,12,56,$1451.84,$1649.03,$1800.71 
120,12,57,$1478.92,$1679.63,$1834.03 
120,12,58,$1506.01,$1710.24,$1867.34 
120,12,59,$1533.10,$1740.85,$1900.66 
120,12,60,$1560.18,$1771.46,$1933.98 
120,12,61,$1587.27,$1802.07,$1967.29 
120,12,62,$1614.36,$1832.67,$2000.61 
120,12,63,$1641.44,$1863.28,$2033.93 
120,12,64,$1668.53,$1893.89,$2067.24 
120,12,65,$1695.62,$1924.50,$2100.56 
120,12,66,$1722.70,$1955.10,$2133.87 
120,12,67,$1749.79,$1985.71,$2167.19 
120,12,68,$1776.88,$2016.32,$2200.51 
120,12,69,$1803.96,$2046.93,$2233.82 
120,12,70,$1831.05,$2077.53,$2267.14 
120,12,71,$1858.13,$2108.14,$2300.45 
120,12,72,$1885.22,$2138.75,$2333.77 
120,12,73,$1912.31,$2169.36,$2367.09 
120,12,74,$1939.39,$2199.97,$2400.40 
120,12,75,$1966.48,$2230.57,$2433.72 
120,12,76,$1947.82,$2209.49,$2410.77 
120,12,77,$1974.31,$2239.41,$2443.34 
120,12,78,$2000.79,$2269.34,$2475.92 
120,12,79,$2027.27,$2299.27,$2508.50 
120,12,80,$2053.76,$2329.20,$2541.07 
120,12,81,$2080.24,$2359.12,$2573.65 
120,12,82,$2106.73,$2389.05,$2606.22 
120,12,83,$2133.21,$2418.98,$2638.80 
120,12,84,$2159.70,$2448.91,$2671.38 
120,12,85,$2186.18,$2478.83,$2703.95 
120,12,86,$2212.66,$2508.76,$2736.53 
120,12,87,$2239.15,$2538.69,$2769.10 
120,12,88,$2265.63,$2568.62,$2801.68 
120,12,89,$2292.12,$2598.54,$2834.26 
120,12,90,$2318.60,$2628.47,$2866.83 
120,12,91,$2345.09,$2658.40,$2899.41 
120,12,92,$2371.57,$2688.33,$2931.98 
120,12,93,$2398.06,$2718.25,$2964.56 
120,12,94,$2424.54,$2748.18,$2997.14 
120,12,95,$2451.03,$2778.11,$3029.71 
120,12,96,$2477.51,$2808.04,$3062.29 
120,12,97,$2503.99,$2837.96,$3094.86 
120,12,98,$2530.48,$2867.89,$3127.44 
120,12,99,$2556.96,$2897.82,$3160.01 
120,12,100,$2583.45,$2927.75,$3192.59 
180,12,1,$38.37,$46.87,$51.12 
180,12,2,$76.74,$86.72,$94.40 
180,12,3,$115.12,$130.08,$141.59 
180,12,4,$153.49,$173.44,$188.79 
180,12,5,$191.86,$216.80,$235.99 
180,12,6,$230.23,$260.16,$283.19 
180,12,7,$268.61,$303.53,$330.39 
180,12,8,$306.98,$346.89,$379.22 
180,12,9,$345.35,$394.12,$434.74 
180,12,10,$386.44,$445.13,$490.27 
180,12,11,$406.75,$468.08,$515.26 
180,12,12,$449.64,$516.54,$568.01 
180,12,13,$492.53,$565.01,$620.76 
180,12,14,$535.41,$613.47,$673.51 
180,12,15,$578.30,$661.93,$726.26 
180,12,16,$621.19,$710.39,$779.01 
180,12,17,$664.08,$758.86,$831.76 
180,12,18,$706.96,$807.32,$884.51 
180,12,19,$749.85,$855.78,$937.26 
180,12,20,$792.74,$904.24,$990.02 
180,12,21,$835.62,$952.70,$1042.77 
180,12,22,$878.51,$1001.17,$1095.52 
180,12,23,$921.40,$1049.63,$1148.27 
180,12,24,$964.28,$1098.09,$1201.02 
180,12,25,$1007.17,$1146.55,$1253.77 
180,12,26,$1014.84,$1155.22,$1263.21 
180,12,27,$1056.38,$1202.16,$1314.29 
180,12,28,$1097.91,$1249.09,$1365.38 
180,12,29,$1139.44,$1296.02,$1416.46 
180,12,30,$1180.97,$1342.95,$1467.55 
180,12,31,$1222.51,$1389.88,$1518.63 
180,12,32,$1264.04,$1436.81,$1569.72 
180,12,33,$1305.57,$1483.75,$1620.80 
180,12,34,$1347.10,$1530.68,$1671.89 
180,12,35,$1388.64,$1577.61,$1722.97 
180,12,36,$1430.17,$1624.54,$1774.06 
180,12,37,$1471.70,$1671.47,$1825.14 
180,12,38,$1513.23,$1718.40,$1876.23 
180,12,39,$1554.77,$1765.34,$1927.31 
180,12,40,$1596.30,$1812.27,$1978.40 
180,12,41,$1637.83,$1859.20,$2029.48 
180,12,42,$1679.36,$1906.13,$2080.57 
180,12,43,$1720.90,$1953.06,$2131.65 
180,12,44,$1762.43,$1999.99,$2182.74 
180,12,45,$1803.96,$2046.93,$2233.82 
180,12,46,$1845.49,$2093.86,$2284.91 
180,12,47,$1887.03,$2140.79,$2335.99 
180,12,48,$1928.56,$2187.72,$2387.08 
180,12,49,$1970.09,$2234.65,$2438.16 
180,12,50,$2011.62,$2281.59,$2489.25 
180,12,51,$2007.11,$2276.48,$2483.70 
180,12,52,$2047.74,$2322.39,$2533.67 
180,12,53,$2088.37,$2368.31,$2583.64 
180,12,54,$2129.00,$2414.22,$2633.62 
180,12,55,$2169.63,$2460.13,$2683.59 
180,12,56,$2210.26,$2506.04,$2733.57 
180,12,57,$2250.89,$2551.95,$2783.54 
180,12,58,$2291.52,$2597.86,$2833.52 
180,12,59,$2332.15,$2643.78,$2883.49 
180,12,60,$2372.78,$2689.69,$2933.46 
180,12,61,$2413.41,$2735.60,$2983.44 
180,12,62,$2454.03,$2781.51,$3033.41 
180,12,63,$2494.66,$2827.42,$3083.39 
180,12,64,$2535.29,$2873.33,$3133.36 
180,12,65,$2575.92,$2919.24,$3183.34 
180,12,66,$2616.55,$2965.16,$3233.31 
180,12,67,$2657.18,$3011.07,$3283.28 
180,12,68,$2697.81,$3056.98,$3333.26 
180,12,69,$2738.44,$3102.89,$3383.23 
180,12,70,$2779.07,$3148.80,$3433.21 
180,12,71,$2819.70,$3194.71,$3483.18 
180,12,72,$2860.33,$3240.62,$3533.16 
180,12,73,$2900.96,$3286.54,$3583.13 
180,12,74,$2941.59,$3332.45,$3633.11 
180,12,75,$2982.22,$3378.36,$3683.08 
180,12,76,$2954.23,$3346.73,$3648.65 
180,12,77,$2993.96,$3391.62,$3697.52 
180,12,78,$3033.68,$3436.51,$3746.38 
180,12,79,$3073.41,$3481.40,$3795.24 
180,12,80,$3113.14,$3526.30,$3844.11 
180,12,81,$3152.86,$3571.19,$3892.97 
180,12,82,$3192.59,$3616.08,$3941.84 
180,12,83,$3232.32,$3660.97,$3990.70 
180,12,84,$3272.04,$3705.86,$4039.56 
180,12,85,$3311.77,$3750.75,$4088.43 
180,12,86,$3351.50,$3795.64,$4137.29 
180,12,87,$3391.22,$3840.53,$4186.16 
180,12,88,$3430.95,$3885.43,$4235.02 
180,12,89,$3470.68,$3930.32,$4283.88 
180,12,90,$3510.41,$3975.21,$4332.75 
180,12,91,$3550.13,$4020.10,$4381.61 
180,12,92,$3589.86,$4064.99,$4430.48 
180,12,93,$3629.59,$4109.88,$4479.34 
180,12,94,$3669.31,$4154.77,$4528.20 
180,12,95,$3709.04,$4199.66,$4577.07 
180,12,96,$3748.76,$4244.56,$4625.93 
180,12,97,$3788.49,$4289.45,$4674.80 
180,12,98,$3828.22,$4334.34,$4723.66 
180,12,99,$3867.95,$4379.23,$4772.52 
180,12,100,$3907.67,$4424.12,$4821.39 
240,12,1,$51.16,$59.66,$63.91 
240,12,2,$102.33,$115.63,$125.86 
240,12,3,$153.49,$173.44,$188.79 
240,12,4,$204.65,$231.26,$251.72 
240,12,5,$255.82,$289.07,$314.65 
240,12,6,$306.98,$346.89,$379.22 
240,12,7,$358.14,$411.12,$453.25 
240,12,8,$416.54,$479.14,$527.29 
240,12,9,$476.73,$547.15,$601.33 
240,12,10,$536.92,$615.17,$675.36 
240,12,11,$564.01,$645.78,$708.68 
240,12,12,$621.19,$710.39,$779.01 
240,12,13,$678.37,$775.01,$849.35 
240,12,14,$735.55,$839.63,$919.68 
240,12,15,$792.74,$904.24,$990.02 
240,12,16,$849.92,$968.86,$1060.35 
240,12,17,$907.10,$1033.47,$1130.68 
240,12,18,$964.28,$1098.09,$1201.02 
240,12,19,$1021.47,$1162.71,$1271.35 
240,12,20,$1078.65,$1227.32,$1341.69 
240,12,21,$1135.83,$1291.94,$1412.02 
240,12,22,$1193.01,$1356.55,$1482.36 
240,12,23,$1250.19,$1421.17,$1552.69 
240,12,24,$1307.38,$1485.79,$1623.02 
240,12,25,$1364.56,$1550.40,$1693.36 
240,12,26,$1374.79,$1561.97,$1705.94 
240,12,27,$1430.17,$1624.54,$1774.06 
240,12,28,$1485.55,$1687.12,$1842.17 
240,12,29,$1540.92,$1749.69,$1910.29 
240,12,30,$1596.30,$1812.27,$1978.40 
240,12,31,$1651.68,$1874.84,$2046.51 
240,12,32,$1707.05,$1937.42,$2114.63 
240,12,33,$1762.43,$1999.99,$2182.74 
240,12,34,$1817.81,$2062.57,$2250.85 
240,12,35,$1873.18,$2125.15,$2318.96 
240,12,36,$1928.56,$2187.72,$2387.08 
240,12,37,$1983.94,$2250.30,$2455.19 
240,12,38,$2039.31,$2312.87,$2523.30 
240,12,39,$2094.69,$2375.45,$2591.42 
240,12,40,$2150.07,$2438.02,$2659.53 
240,12,41,$2205.44,$2500.60,$2727.64 
240,12,42,$2260.82,$2563.18,$2795.76 
240,12,43,$2316.20,$2625.75,$2863.87 
240,12,44,$2371.57,$2688.33,$2931.98 
240,12,45,$2426.95,$2750.90,$3000.10 
240,12,46,$2482.32,$2813.48,$3068.21 
240,12,47,$2537.70,$2876.05,$3136.32 
240,12,48,$2593.08,$2938.63,$3204.44 
240,12,49,$2648.45,$3001.20,$3272.55 
240,12,50,$2703.83,$3063.78,$3340.66 
240,12,51,$2697.81,$3056.98,$3333.26 
240,12,52,$2751.99,$3118.19,$3399.89 
240,12,53,$2806.16,$3179.41,$3466.53 
240,12,54,$2860.33,$3240.62,$3533.16 
240,12,55,$2914.50,$3301.84,$3599.79 
240,12,56,$2968.68,$3363.05,$3666.42 
240,12,57,$3022.85,$3424.27,$3733.05 
240,12,58,$3077.02,$3485.49,$3799.69 
240,12,59,$3131.20,$3546.70,$3866.32 
240,12,60,$3185.37,$3607.92,$3932.95 
240,12,61,$3239.54,$3669.13,$3999.59 
240,12,62,$3293.71,$3730.35,$4066.22 
240,12,63,$3347.89,$3791.56,$4132.85 
240,12,64,$3402.06,$3852.78,$4199.48 
240,12,65,$3456.23,$3913.99,$4266.11 
240,12,66,$3510.41,$3975.21,$4332.75 
240,12,67,$3564.58,$4036.42,$4399.38 
240,12,68,$3618.75,$4097.64,$4466.01 
240,12,69,$3672.92,$4158.85,$4532.65 
240,12,70,$3727.10,$4220.07,$4599.28 
240,12,71,$3781.27,$4281.28,$4665.91 
240,12,72,$3835.44,$4342.50,$4732.54 
240,12,73,$3889.61,$4403.71,$4799.18 
240,12,74,$3943.79,$4464.93,$4865.81 
240,12,75,$3997.96,$4526.15,$4932.44 
240,12,76,$3960.64,$4483.97,$4886.54 
240,12,77,$4013.61,$4543.83,$4951.69 
240,12,78,$4066.58,$4603.68,$5016.84 
240,12,79,$4119.55,$4663.54,$5081.99 
240,12,80,$4172.52,$4723.39,$5147.15 
240,12,81,$4225.49,$4783.25,$5212.30 
240,12,82,$4278.45,$4843.10,$5277.45 
240,12,83,$4331.42,$4902.96,$5342.60 
240,12,84,$4384.39,$4962.81,$5407.75 
240,12,85,$4437.36,$5022.67,$5472.90 
240,12,86,$4490.33,$5082.52,$5538.06 
240,12,87,$4543.30,$5142.38,$5603.21 
240,12,88,$4596.27,$5202.23,$5668.36 
240,12,89,$4649.24,$5262.09,$5733.51 
240,12,90,$4702.21,$5321.94,$5798.66 
240,12,91,$4755.18,$5381.80,$5863.82 
240,12,92,$4808.14,$5441.65,$5928.97 
240,12,93,$4861.11,$5501.51,$5994.12 
240,12,94,$4914.08,$5561.36,$6059.27 
240,12,95,$4967.05,$5621.22,$6124.42 
240,12,96,$5020.02,$5681.07,$6189.57 
240,12,97,$5072.99,$5740.93,$6254.73 
240,12,98,$5125.96,$5800.78,$6319.88 
240,12,99,$5178.93,$5860.64,$6385.03 
240,12,100,$5231.90,$5920.49,$6450.18 
300,12,1,$63.95,$72.45,$78.66 
300,12,2,$127.91,$144.54,$157.33 
300,12,3,$191.86,$216.80,$235.99 
300,12,4,$255.82,$289.07,$314.65 
300,12,5,$319.77,$361.34,$397.73 
300,12,6,$386.44,$445.13,$490.27 
300,12,7,$461.68,$530.15,$582.82 
300,12,8,$536.92,$615.17,$675.36 
300,12,9,$612.16,$700.19,$767.91 
300,12,10,$687.40,$785.21,$860.45 
300,12,11,$721.26,$823.47,$902.10 
300,12,12,$792.74,$904.24,$990.02 
300,12,13,$864.21,$985.01,$1077.93 
300,12,14,$935.69,$1065.78,$1165.85 
300,12,15,$1007.17,$1146.55,$1253.77 
300,12,16,$1078.65,$1227.32,$1341.69 
300,12,17,$1150.13,$1308.09,$1429.61 
300,12,18,$1221.60,$1388.86,$1517.52 
300,12,19,$1293.08,$1469.63,$1605.44 
300,12,20,$1364.56,$1550.40,$1693.36 
300,12,21,$1436.04,$1631.17,$1781.28 
300,12,22,$1507.52,$1711.94,$1869.19 
300,12,23,$1578.99,$1792.71,$1957.11 
300,12,24,$1650.47,$1873.48,$2045.03 
300,12,25,$1721.95,$1954.25,$2132.95 
300,12,26,$1734.74,$1968.71,$2148.68 
300,12,27,$1803.96,$2046.93,$2233.82 
300,12,28,$1873.18,$2125.15,$2318.96 
300,12,29,$1942.40,$2203.37,$2404.11 
300,12,30,$2011.62,$2281.59,$2489.25 
300,12,31,$2080.84,$2359.80,$2574.39 
300,12,32,$2150.07,$2438.02,$2659.53 
300,12,33,$2219.29,$2516.24,$2744.67 
300,12,34,$2288.51,$2594.46,$2829.81 
300,12,35,$2357.73,$2672.68,$2914.95 
300,12,36,$2426.95,$2750.90,$3000.10 
300,12,37,$2496.17,$2829.12,$3085.24 
300,12,38,$2565.39,$2907.34,$3170.38 
300,12,39,$2634.61,$2985.56,$3255.52 
300,12,40,$2703.83,$3063.78,$3340.66 
300,12,41,$2773.05,$3142.00,$3425.80 
300,12,42,$2842.27,$3220.22,$3510.95 
300,12,43,$2911.49,$3298.44,$3596.09 
300,12,44,$2980.72,$3376.66,$3681.23 
300,12,45,$3049.94,$3454.88,$3766.37 
300,12,46,$3119.16,$3533.10,$3851.51 
300,12,47,$3188.38,$3611.32,$3936.65 
300,12,48,$3257.60,$3689.54,$4021.80 
300,12,49,$3326.82,$3767.76,$4106.94 
300,12,50,$3396.04,$3845.97,$4192.08 
300,12,51,$3388.52,$3837.47,$4182.82 
300,12,52,$3456.23,$3913.99,$4266.11 
300,12,53,$3523.95,$3990.51,$4349.41 
300,12,54,$3591.66,$4067.03,$4432.70 
300,12,55,$3659.38,$4143.55,$4515.99 
300,12,56,$3727.10,$4220.07,$4599.28 
300,12,57,$3794.81,$4296.59,$4682.57 
300,12,58,$3862.53,$4373.11,$4765.86 
300,12,59,$3930.24,$4449.63,$4849.15 
300,12,60,$3997.96,$4526.15,$4932.44 
300,12,61,$4065.68,$4602.66,$5015.73 
300,12,62,$4133.39,$4679.18,$5099.02 
300,12,63,$4201.11,$4755.70,$5182.31 
300,12,64,$4268.82,$4832.22,$5265.60 
300,12,65,$4336.54,$4908.74,$5348.89 
300,12,66,$4404.26,$4985.26,$5432.19 
300,12,67,$4471.97,$5061.78,$5515.48 
300,12,68,$4539.69,$5138.30,$5598.77 
300,12,69,$4607.40,$5214.82,$5682.06 
300,12,70,$4675.12,$5291.34,$5765.35 
300,12,71,$4742.84,$5367.85,$5848.64 
300,12,72,$4810.55,$5444.37,$5931.93 
300,12,73,$4878.27,$5520.89,$6015.22 
300,12,74,$4945.98,$5597.41,$6098.51 
300,12,75,$5013.70,$5673.93,$6181.80 
300,12,76,$4967.05,$5621.22,$6124.42 
300,12,77,$5033.26,$5696.04,$6205.86 
300,12,78,$5099.47,$5770.85,$6287.30 
300,12,79,$5165.69,$5845.67,$6368.74 
300,12,80,$5231.90,$5920.49,$6450.18 
300,12,81,$5298.11,$5995.31,$6531.62 
300,12,82,$5364.32,$6070.13,$6613.06 
300,12,83,$5430.53,$6144.95,$6694.50 
300,12,84,$5496.74,$6219.77,$6775.94 
300,12,85,$5562.95,$6294.59,$6857.38 
300,12,86,$5629.16,$6369.40,$6938.82 
300,12,87,$5695.37,$6444.22,$7020.26 
300,12,88,$5761.59,$6519.04,$7101.70 
300,12,89,$5827.80,$6593.86,$7183.14 
300,12,90,$5894.01,$6668.68,$7264.58 
300,12,91,$5960.22,$6743.50,$7346.02 
300,12,92,$6026.43,$6818.32,$7427.46 
300,12,93,$6092.64,$6893.14,$7508.90 
300,12,94,$6158.85,$6967.95,$7590.34 
300,12,95,$6225.06,$7042.77,$7671.78 
300,12,96,$6291.27,$7117.59,$7753.22 
300,12,97,$6357.49,$7192.41,$7834.66 
300,12,98,$6423.70,$7267.23,$7916.10 
300,12,99,$6489.91,$7342.05,$7997.54 
300,12,100,$6556.12,$7416.87,$8078.98 
